Fastrack Optimus Pro with 1.43" AMOLED Display & AOD(46...,/fastrack-optimus-pro-1-43-amoled-display-aod-466x466-functional-crown-bt-calling-smartwatch/p/itma4744c9053b72?pid=SMWGV3ZY9YJYEYEC&lid=LSTSMWGV3ZY9YJYEYECZN6QCW&marketplace=FLIPKART&store=ajy%2Fbuh&srno=b_1_1&otracker=dynamic_omu_infinite_Best%2Bof%2BElectronics_6_1.dealCard.OMU_INFINITE_E1YF2OWYF3ML&iid=f810229b-3bdf-4121-b3c3-3e4e6df78f3a.SMWGV3ZY9YJYEYEC.SEARCH&ssid=8q6p6ny0ds0000001717908194043
Fastrack Revoltt XR1 1.38" Round HD Display, SingleSync...,/fastrack-revoltt-xr1-1-38-round-hd-display-singlesync-bt-calling-advanced-chipset-smartwatch/p/itm470880e507472?pid=SMWGWT49S3NG6A7T&lid=LSTSMWGWT49S3NG6A7TFGTLMR&marketplace=FLIPKART&store=ajy%2Fbuh&spotlightTagId=BestsellerId_ajy%2Fbuh&srno=b_1_2&otracker=dynamic_omu_infinite_Best%2Bof%2BElectronics_6_1.dealCard.OMU_INFINITE_E1YF2OWYF3ML&fm=organic&iid=f810229b-3bdf-4121-b3c3-3e4e6df78f3a.SMWGWT49S3NG6A7T.SEARCH&ppt=browse&ppn=browse&ssid=8q6p6ny0ds0000001717908194043
Fastrack Revoltt FS1|1.83 Display|BT Calling|Fastcharge...,/fastrack-revoltt-fs1-1-83-display-bt-calling-fastcharge-110-sports-mode-200-watchfaces-smartwatch/p/itmab38b5cb1e3fb?pid=SMWGN4YEWGNZ2GGM&lid=LSTSMWGN4YEWGNZ2GGMLUF0DF&marketplace=FLIPKART&store=ajy%2Fbuh&spotlightTagId=BestsellerId_ajy%2Fbuh&srno=b_1_3&otracker=dynamic_omu_infinite_Best%2Bof%2BElectronics_6_1.dealCard.OMU_INFINITE_E1YF2OWYF3ML&fm=organic&iid=f810229b-3bdf-4121-b3c3-3e4e6df78f3a.SMWGN4YEWGNZ2GGM.SEARCH&ppt=browse&ppn=browse&ssid=8q6p6ny0ds0000001717908194043
Fastrack Revoltt FS1|1.83 Display|BT Calling|Fastcharge...,/fastrack-revoltt-fs1-1-83-display-bt-calling-fastcharge-110-sports-mode-200-watchfaces-smartwatch/p/itmc646e6ccc5331?pid=SMWGN4YESUVP5UHW&lid=LSTSMWGN4YESUVP5UHWWMLDUX&marketplace=FLIPKART&store=ajy%2Fbuh&srno=b_1_4&otracker=dynamic_omu_infinite_Best%2Bof%2BElectronics_6_1.dealCard.OMU_INFINITE_E1YF2OWYF3ML&iid=f810229b-3bdf-4121-b3c3-3e4e6df78f3a.SMWGN4YESUVP5UHW.SEARCH&ssid=8q6p6ny0ds0000001717908194043
Fastrack Revoltt FS1|1.83 Display|BT Calling|Fastcharge...,/fastrack-revoltt-fs1-1-83-display-bt-calling-fastcharge-110-sports-mode-200-watchfaces-smartwatch/p/itmc37b506d7ae4e?pid=SMWGN4YE3YRF2QH9&lid=LSTSMWGN4YE3YRF2QH9J09ZDA&marketplace=FLIPKART&store=ajy%2Fbuh&spotlightTagId=FkPickId_ajy%2Fbuh&srno=b_1_5&otracker=dynamic_omu_infinite_Best%2Bof%2BElectronics_6_1.dealCard.OMU_INFINITE_E1YF2OWYF3ML&iid=f810229b-3bdf-4121-b3c3-3e4e6df78f3a.SMWGN4YE3YRF2QH9.SEARCH&ssid=8q6p6ny0ds0000001717908194043
Fastrack Revoltt FS1|1.83 Display|BT Calling|Fastcharge...,/fastrack-revoltt-fs1-1-83-display-bt-calling-fastcharge-110-sports-mode-200-watchfaces-smartwatch/p/itm28ea1b6eaea8f?pid=SMWGVSCYSGHXJYYN&lid=LSTSMWGVSCYSGHXJYYNCXBYOC&marketplace=FLIPKART&store=ajy%2Fbuh&srno=b_1_6&otracker=dynamic_omu_infinite_Best%2Bof%2BElectronics_6_1.dealCard.OMU_INFINITE_E1YF2OWYF3ML&iid=f810229b-3bdf-4121-b3c3-3e4e6df78f3a.SMWGVSCYSGHXJYYN.SEARCH&ssid=8q6p6ny0ds0000001717908194043
Fastrack Revoltt FS1|1.83 Display|BT Calling|Fastcharge...,/fastrack-revoltt-fs1-1-83-display-bt-calling-fastcharge-110-sports-mode-200-watchfaces-smartwatch/p/itmd959f5faeed31?pid=SMWGPUFU6CHTESQZ&lid=LSTSMWGPUFU6CHTESQZOG477L&marketplace=FLIPKART&store=ajy%2Fbuh&srno=b_1_7&otracker=dynamic_omu_infinite_Best%2Bof%2BElectronics_6_1.dealCard.OMU_INFINITE_E1YF2OWYF3ML&iid=f810229b-3bdf-4121-b3c3-3e4e6df78f3a.SMWGPUFU6CHTESQZ.SEARCH&ssid=8q6p6ny0ds0000001717908194043
Fastrack Revoltt FS1 Pro|World's First,1.96" Super AMOL...,/fastrack-revoltt-fs1-pro-world-s-first-1-96-super-amoled-highest-resolution-bt-calling-smartwatch/p/itmc42d5fa51a930?pid=SMWGZ835PYX4HJGR&lid=LSTSMWGZ835PYX4HJGRCFZKL9&marketplace=FLIPKART&store=ajy%2Fbuh&spotlightTagId=BestsellerId_ajy%2Fbuh&srno=b_1_8&otracker=dynamic_omu_infinite_Best%2Bof%2BElectronics_6_1.dealCard.OMU_INFINITE_E1YF2OWYF3ML&iid=f810229b-3bdf-4121-b3c3-3e4e6df78f3a.SMWGZ835PYX4HJGR.SEARCH&ssid=8q6p6ny0ds0000001717908194043
Fastrack Revoltt FS1|1.83 Display|BT Calling|Fastcharge...,/fastrack-revoltt-fs1-1-83-display-bt-calling-fastcharge-110-sports-mode-200-watchfaces-smartwatch/p/itm48f2709b4642d?pid=SMWGPUFUJYHZFKDJ&lid=LSTSMWGPUFUJYHZFKDJFCNS11&marketplace=FLIPKART&store=ajy%2Fbuh&srno=b_1_9&otracker=dynamic_omu_infinite_Best%2Bof%2BElectronics_6_1.dealCard.OMU_INFINITE_E1YF2OWYF3ML&iid=f810229b-3bdf-4121-b3c3-3e4e6df78f3a.SMWGPUFUJYHZFKDJ.SEARCH&ssid=8q6p6ny0ds0000001717908194043
Fastrack Revoltt XR1 1.38" Round HD Display, SingleSync...,/fastrack-revoltt-xr1-1-38-round-hd-display-singlesync-bt-calling-advanced-chipset-smartwatch/p/itm8dc626b84baf7?pid=SMWGWT49B9HPZHFM&lid=LSTSMWGWT49B9HPZHFMSOPKOQ&marketplace=FLIPKART&store=ajy%2Fbuh&srno=b_1_10&otracker=dynamic_omu_infinite_Best%2Bof%2BElectronics_6_1.dealCard.OMU_INFINITE_E1YF2OWYF3ML&iid=f810229b-3bdf-4121-b3c3-3e4e6df78f3a.SMWGWT49B9HPZHFM.SEARCH&ssid=8q6p6ny0ds0000001717908194043
Fastrack Revoltt XR1 1.38" Round HD Display, SingleSync...,/fastrack-revoltt-xr1-1-38-round-hd-display-singlesync-bt-calling-advanced-chipset-smartwatch/p/itm6de298b960d2d?pid=SMWGWT49N2FKR7GT&lid=LSTSMWGWT49N2FKR7GTBG3LDS&marketplace=FLIPKART&store=ajy%2Fbuh&srno=b_1_11&otracker=dynamic_omu_infinite_Best%2Bof%2BElectronics_6_1.dealCard.OMU_INFINITE_E1YF2OWYF3ML&iid=f810229b-3bdf-4121-b3c3-3e4e6df78f3a.SMWGWT49N2FKR7GT.SEARCH&ssid=8q6p6ny0ds0000001717908194043
Fastrack Revoltt FS1 Pro|World's First,1.96" Super AMOL...,/fastrack-revoltt-fs1-pro-world-s-first-1-96-super-amoled-highest-resolution-bt-calling-smartwatch/p/itm868a2831ed59a?pid=SMWGZ835YHABS9WU&lid=LSTSMWGZ835YHABS9WU1DFCAJ&marketplace=FLIPKART&store=ajy%2Fbuh&srno=b_1_12&otracker=dynamic_omu_infinite_Best%2Bof%2BElectronics_6_1.dealCard.OMU_INFINITE_E1YF2OWYF3ML&iid=f810229b-3bdf-4121-b3c3-3e4e6df78f3a.SMWGZ835YHABS9WU.SEARCH&ssid=8q6p6ny0ds0000001717908194043
Fastrack Revoltt FS1 Pro|World's First,1.96" Super AMOL...,/fastrack-revoltt-fs1-pro-world-s-first-1-96-super-amoled-highest-resolution-bt-calling-smartwatch/p/itmf102793fb8fb0?pid=SMWGZ8355GPY5NPK&lid=LSTSMWGZ8355GPY5NPKSKWKXW&marketplace=FLIPKART&store=ajy%2Fbuh&srno=b_1_13&otracker=dynamic_omu_infinite_Best%2Bof%2BElectronics_6_1.dealCard.OMU_INFINITE_E1YF2OWYF3ML&iid=f810229b-3bdf-4121-b3c3-3e4e6df78f3a.SMWGZ8355GPY5NPK.SEARCH&ssid=8q6p6ny0ds0000001717908194043
Fastrack Optimus Pro with 1.43" AMOLED Display & AOD(46...,/fastrack-optimus-pro-1-43-amoled-display-aod-466x466-functional-crown-bt-calling-smartwatch/p/itm58d4b7c53c82b?pid=SMWGV3ZYCBHGWPQH&lid=LSTSMWGV3ZYCBHGWPQHBYOMSZ&marketplace=FLIPKART&store=ajy%2Fbuh&srno=b_1_14&otracker=dynamic_omu_infinite_Best%2Bof%2BElectronics_6_1.dealCard.OMU_INFINITE_E1YF2OWYF3ML&iid=f810229b-3bdf-4121-b3c3-3e4e6df78f3a.SMWGV3ZYCBHGWPQH.SEARCH&ssid=8q6p6ny0ds0000001717908194043
Fastrack Revoltt FS1|1.83 Display|BT Calling|Fastcharge...,/fastrack-revoltt-fs1-1-83-display-bt-calling-fastcharge-110-sports-mode-200-watchfaces-smartwatch/p/itm9731ac3f3c67f?pid=SMWGN4YEW7TPQAW5&lid=LSTSMWGN4YEW7TPQAW5TA5MP5&marketplace=FLIPKART&store=ajy%2Fbuh&srno=b_1_15&otracker=dynamic_omu_infinite_Best%2Bof%2BElectronics_6_1.dealCard.OMU_INFINITE_E1YF2OWYF3ML&iid=f810229b-3bdf-4121-b3c3-3e4e6df78f3a.SMWGN4YEW7TPQAW5.SEARCH&ssid=8q6p6ny0ds0000001717908194043
Fastrack Revoltt FS1+|2.01'' Biggest UltraVU Display|In...,/fastrack-revoltt-fs1-2-01-biggest-ultravu-display-industry-best-950-nits-bt-calling-smartwatch/p/itma86008751784a?pid=SMWGPM2D9HCCZNKZ&lid=LSTSMWGPM2D9HCCZNKZDXHMA9&marketplace=FLIPKART&store=ajy%2Fbuh&srno=b_1_16&otracker=dynamic_omu_infinite_Best%2Bof%2BElectronics_6_1.dealCard.OMU_INFINITE_E1YF2OWYF3ML&iid=f810229b-3bdf-4121-b3c3-3e4e6df78f3a.SMWGPM2D9HCCZNKZ.SEARCH&ssid=8q6p6ny0ds0000001717908194043
Fastrack Revoltt FS1 Pro|World's First,1.96" Super AMOL...,/fastrack-revoltt-fs1-pro-world-s-first-1-96-super-amoled-highest-resolution-bt-calling-smartwatch/p/itm6d1037589b785?pid=SMWGTGAY72FD6KND&lid=LSTSMWGTGAY72FD6KND6AOXJH&marketplace=FLIPKART&store=ajy%2Fbuh&srno=b_1_17&otracker=dynamic_omu_infinite_Best%2Bof%2BElectronics_6_1.dealCard.OMU_INFINITE_E1YF2OWYF3ML&iid=f810229b-3bdf-4121-b3c3-3e4e6df78f3a.SMWGTGAY72FD6KND.SEARCH&ssid=8q6p6ny0ds0000001717908194043
Fastrack Revoltt FS1|1.83 Display|BT Calling|Fastcharge...,/fastrack-revoltt-fs1-1-83-display-bt-calling-fastcharge-110-sports-mode-200-watchfaces-smartwatch/p/itma5e0b761af06d?pid=SMWGVSCYNZDXQPJC&lid=LSTSMWGVSCYNZDXQPJCZXSJYY&marketplace=FLIPKART&store=ajy%2Fbuh&srno=b_1_18&otracker=dynamic_omu_infinite_Best%2Bof%2BElectronics_6_1.dealCard.OMU_INFINITE_E1YF2OWYF3ML&iid=f810229b-3bdf-4121-b3c3-3e4e6df78f3a.SMWGVSCYNZDXQPJC.SEARCH&ssid=8q6p6ny0ds0000001717908194043
Fastrack Optimus Pro with 1.43" AMOLED Display & AOD(46...,/fastrack-optimus-pro-1-43-amoled-display-aod-466x466-functional-crown-bt-calling-smartwatch/p/itm915e6177b41aa?pid=SMWGV3ZYJNFX9MKT&lid=LSTSMWGV3ZYJNFX9MKTRGTPAL&marketplace=FLIPKART&store=ajy%2Fbuh&srno=b_1_19&otracker=dynamic_omu_infinite_Best%2Bof%2BElectronics_6_1.dealCard.OMU_INFINITE_E1YF2OWYF3ML&iid=f810229b-3bdf-4121-b3c3-3e4e6df78f3a.SMWGV3ZYJNFX9MKT.SEARCH&ssid=8q6p6ny0ds0000001717908194043
Fastrack Optimus Pro with 1.43" AMOLED Display & AOD(46...,/fastrack-optimus-pro-1-43-amoled-display-aod-466x466-functional-crown-bt-calling-smartwatch/p/itm536e5793d5d9f?pid=SMWGV3ZYUDHACXVD&lid=LSTSMWGV3ZYUDHACXVDSFUDWY&marketplace=FLIPKART&store=ajy%2Fbuh&srno=b_1_20&otracker=dynamic_omu_infinite_Best%2Bof%2BElectronics_6_1.dealCard.OMU_INFINITE_E1YF2OWYF3ML&iid=f810229b-3bdf-4121-b3c3-3e4e6df78f3a.SMWGV3ZYUDHACXVD.SEARCH&ssid=8q6p6ny0ds0000001717908194043
Fastrack Revoltt FS1 Pro|World's First,1.96" Super AMOL...,/fastrack-revoltt-fs1-pro-world-s-first-1-96-super-amoled-highest-resolution-bt-calling-smartwatch/p/itm5260b543f6ba7?pid=SMWGTGAYBNSJHSHB&lid=LSTSMWGTGAYBNSJHSHBKHRINW&marketplace=FLIPKART&store=ajy%2Fbuh&srno=b_1_21&otracker=dynamic_omu_infinite_Best%2Bof%2BElectronics_6_1.dealCard.OMU_INFINITE_E1YF2OWYF3ML&iid=f810229b-3bdf-4121-b3c3-3e4e6df78f3a.SMWGTGAYBNSJHSHB.SEARCH&ssid=8q6p6ny0ds0000001717908194043
Fastrack Revoltt XR1 1.38" Round HD Display, SingleSync...,/fastrack-revoltt-xr1-1-38-round-hd-display-singlesync-bt-calling-advanced-chipset-smartwatch/p/itm42ae3bcbb8783?pid=SMWGWT49G7ZMEPKS&lid=LSTSMWGWT49G7ZMEPKSC4W8OR&marketplace=FLIPKART&store=ajy%2Fbuh&srno=b_1_22&otracker=dynamic_omu_infinite_Best%2Bof%2BElectronics_6_1.dealCard.OMU_INFINITE_E1YF2OWYF3ML&iid=f810229b-3bdf-4121-b3c3-3e4e6df78f3a.SMWGWT49G7ZMEPKS.SEARCH&ssid=8q6p6ny0ds0000001717908194043
Fastrack Revoltt FS1+|2.01'' Biggest UltraVU Display|In...,/fastrack-revoltt-fs1-2-01-biggest-ultravu-display-industry-best-950-nits-bt-calling-smartwatch/p/itm767fcb0d7f814?pid=SMWGPM2DRBBZGB64&lid=LSTSMWGPM2DRBBZGB64XOSNMJ&marketplace=FLIPKART&store=ajy%2Fbuh&srno=b_1_23&otracker=dynamic_omu_infinite_Best%2Bof%2BElectronics_6_1.dealCard.OMU_INFINITE_E1YF2OWYF3ML&iid=f810229b-3bdf-4121-b3c3-3e4e6df78f3a.SMWGPM2DRBBZGB64.SEARCH&ssid=8q6p6ny0ds0000001717908194043
Fastrack Revoltt FS1+|2.01'' Biggest UltraVU Display|In...,/fastrack-revoltt-fs1-2-01-biggest-ultravu-display-industry-best-950-nits-bt-calling-smartwatch/p/itmf558b9cf91ea3?pid=SMWGPM2DH4GDVVB9&lid=LSTSMWGPM2DH4GDVVB9Y9H2WM&marketplace=FLIPKART&store=ajy%2Fbuh&srno=b_1_24&otracker=dynamic_omu_infinite_Best%2Bof%2BElectronics_6_1.dealCard.OMU_INFINITE_E1YF2OWYF3ML&iid=f810229b-3bdf-4121-b3c3-3e4e6df78f3a.SMWGPM2DH4GDVVB9.SEARCH&ssid=8q6p6ny0ds0000001717908194043
Fastrack Revoltt XR1 1.38" Round HD Display, SingleSync...,/fastrack-revoltt-xr1-1-38-round-hd-display-singlesync-bt-calling-advanced-chipset-smartwatch/p/itm2fda00a0c9546?pid=SMWGWT49FYYSBZP4&lid=LSTSMWGWT49FYYSBZP4YJBRJZ&marketplace=FLIPKART&store=ajy%2Fbuh&srno=b_1_25&otracker=dynamic_omu_infinite_Best%2Bof%2BElectronics_6_1.dealCard.OMU_INFINITE_E1YF2OWYF3ML&iid=f810229b-3bdf-4121-b3c3-3e4e6df78f3a.SMWGWT49FYYSBZP4.SEARCH&ssid=8q6p6ny0ds0000001717908194043
Fastrack Revoltt X|1.83'' HD Display|SingleSync BT Call...,/fastrack-revoltt-x-1-83-hd-display-singlesync-bt-calling-advanced-chipset-calculator-smartwatch/p/itmff14a219776a3?pid=SMWGTMYYMGF9R4R6&lid=LSTSMWGTMYYMGF9R4R6IALT3J&marketplace=FLIPKART&store=ajy%2Fbuh&srno=b_1_26&otracker=dynamic_omu_infinite_Best%2Bof%2BElectronics_6_1.dealCard.OMU_INFINITE_E1YF2OWYF3ML&iid=f810229b-3bdf-4121-b3c3-3e4e6df78f3a.SMWGTMYYMGF9R4R6.SEARCH&ssid=8q6p6ny0ds0000001717908194043
Fastrack FR1|1.39 inch Super UltraVU Display(360*360)|A...,/fastrack-fr1-1-39-inch-super-ultravu-display-360-360-advanced-bt-calling-split-screen-smartwatch/p/itmd9ce45f71a99c?pid=SMWGQ9K9BSU9NFAZ&lid=LSTSMWGQ9K9BSU9NFAZFVZPSK&marketplace=FLIPKART&store=ajy%2Fbuh&srno=b_1_27&otracker=dynamic_omu_infinite_Best%2Bof%2BElectronics_6_1.dealCard.OMU_INFINITE_E1YF2OWYF3ML&iid=f810229b-3bdf-4121-b3c3-3e4e6df78f3a.SMWGQ9K9BSU9NFAZ.SEARCH&ssid=8q6p6ny0ds0000001717908194043
Fastrack Revoltt FS1 Max|Biggest 1.95'' UltraVU Curve D...,/fastrack-revoltt-fs1-max-biggest-1-95-ultravu-curve-display-bt-calling-100-multisports-smartwatch/p/itm6daad6a9c5d23?pid=SMWGTGANRUC4DMWM&lid=LSTSMWGTGANRUC4DMWMYLZR5D&marketplace=FLIPKART&store=ajy%2Fbuh&srno=b_1_28&otracker=dynamic_omu_infinite_Best%2Bof%2BElectronics_6_1.dealCard.OMU_INFINITE_E1YF2OWYF3ML&iid=f810229b-3bdf-4121-b3c3-3e4e6df78f3a.SMWGTGANRUC4DMWM.SEARCH&ssid=8q6p6ny0ds0000001717908194043
Fastrack Revoltt Classic 1.91 HD Display|700 Nits|Funct...,/fastrack-revoltt-classic-1-91-hd-display-700-nits-functional-crown-bt-calling-premium-smartwatch/p/itmdc377a0a1ab7e?pid=SMWGTEZPG9CKAFHM&lid=LSTSMWGTEZPG9CKAFHMGDTBHQ&marketplace=FLIPKART&store=ajy%2Fbuh&srno=b_1_29&otracker=dynamic_omu_infinite_Best%2Bof%2BElectronics_6_1.dealCard.OMU_INFINITE_E1YF2OWYF3ML&iid=f810229b-3bdf-4121-b3c3-3e4e6df78f3a.SMWGTEZPG9CKAFHM.SEARCH&ssid=8q6p6ny0ds0000001717908194043
Fastrack FR1|1.39 inch Super UltraVU Display(360*360)|A...,/fastrack-fr1-1-39-inch-super-ultravu-display-360-360-advanced-bt-calling-split-screen-smartwatch/p/itm0238eaf9f8d58?pid=SMWGPB6A7ZBV552G&lid=LSTSMWGPB6A7ZBV552GKCEYOW&marketplace=FLIPKART&store=ajy%2Fbuh&srno=b_1_30&otracker=dynamic_omu_infinite_Best%2Bof%2BElectronics_6_1.dealCard.OMU_INFINITE_E1YF2OWYF3ML&iid=f810229b-3bdf-4121-b3c3-3e4e6df78f3a.SMWGPB6A7ZBV552G.SEARCH&ssid=8q6p6ny0ds0000001717908194043
Fastrack Revoltt FS2 1.91 Super HD Display(320x385) wit...,/fastrack-revoltt-fs2-1-91-super-hd-display-320x385-functional-crown-bt-calling-smartwatch/p/itme478800387e3e?pid=SMWGUGG3PXHTNYDB&lid=LSTSMWGUGG3PXHTNYDBNHAOWS&marketplace=FLIPKART&store=ajy%2Fbuh&srno=b_1_31&otracker=dynamic_omu_infinite_Best%2Bof%2BElectronics_6_1.dealCard.OMU_INFINITE_E1YF2OWYF3ML&iid=f810229b-3bdf-4121-b3c3-3e4e6df78f3a.SMWGUGG3PXHTNYDB.SEARCH&ssid=8q6p6ny0ds0000001717908194043
Fastrack Revoltt X|1.83'' HD Display|SingleSync BT Call...,/fastrack-revoltt-x-1-83-hd-display-singlesync-bt-calling-advanced-chipset-calculator-smartwatch/p/itmd333e5a028f39?pid=SMWGRV3KA8DFY7VM&lid=LSTSMWGRV3KA8DFY7VMTKKLN8&marketplace=FLIPKART&store=ajy%2Fbuh&srno=b_1_32&otracker=dynamic_omu_infinite_Best%2Bof%2BElectronics_6_1.dealCard.OMU_INFINITE_E1YF2OWYF3ML&iid=f810229b-3bdf-4121-b3c3-3e4e6df78f3a.SMWGRV3KA8DFY7VM.SEARCH&ssid=8q6p6ny0ds0000001717908194043
Fastrack Revoltt FR1 Pro|1.3Inch AMOLED display with 60...,/fastrack-revoltt-fr1-pro-1-3inch-amoled-display-600-nits-advanced-bt-calling-chipset-smartwatch/p/itm44aa38ba41204?pid=SMWGPB6YV9DUMFS6&lid=LSTSMWGPB6YV9DUMFS6ZEH609&marketplace=FLIPKART&store=ajy%2Fbuh&srno=b_1_33&otracker=dynamic_omu_infinite_Best%2Bof%2BElectronics_6_1.dealCard.OMU_INFINITE_E1YF2OWYF3ML&iid=f810229b-3bdf-4121-b3c3-3e4e6df78f3a.SMWGPB6YV9DUMFS6.SEARCH&ssid=8q6p6ny0ds0000001717908194043
Fastrack Revoltt FS2 1.91 Super HD Display(320x385) wit...,/fastrack-revoltt-fs2-1-91-super-hd-display-320x385-functional-crown-bt-calling-smartwatch/p/itmfba867c859d02?pid=SMWGUGG3JCCAFDHD&lid=LSTSMWGUGG3JCCAFDHDZGVAVT&marketplace=FLIPKART&store=ajy%2Fbuh&srno=b_1_34&otracker=dynamic_omu_infinite_Best%2Bof%2BElectronics_6_1.dealCard.OMU_INFINITE_E1YF2OWYF3ML&iid=f810229b-3bdf-4121-b3c3-3e4e6df78f3a.SMWGUGG3JCCAFDHD.SEARCH&ssid=8q6p6ny0ds0000001717908194043
Fastrack Revoltt Classic 1.91 HD Display|700 Nits|Funct...,/fastrack-revoltt-classic-1-91-hd-display-700-nits-functional-crown-bt-calling-premium-smartwatch/p/itm3c316602a3043?pid=SMWGTEZPR7RFZ4DR&lid=LSTSMWGTEZPR7RFZ4DRHBJWA1&marketplace=FLIPKART&store=ajy%2Fbuh&srno=b_1_35&otracker=dynamic_omu_infinite_Best%2Bof%2BElectronics_6_1.dealCard.OMU_INFINITE_E1YF2OWYF3ML&iid=f810229b-3bdf-4121-b3c3-3e4e6df78f3a.SMWGTEZPR7RFZ4DR.SEARCH&ssid=8q6p6ny0ds0000001717908194043
Fastrack Revoltt FS2 1.91 Super HD Display(320x385) wit...,/fastrack-revoltt-fs2-1-91-super-hd-display-320x385-functional-crown-bt-calling-smartwatch/p/itm7bc19308f373c?pid=SMWGUGG3J2SJKHWR&lid=LSTSMWGUGG3J2SJKHWR8TVAE5&marketplace=FLIPKART&store=ajy%2Fbuh&srno=b_1_36&otracker=dynamic_omu_infinite_Best%2Bof%2BElectronics_6_1.dealCard.OMU_INFINITE_E1YF2OWYF3ML&iid=f810229b-3bdf-4121-b3c3-3e4e6df78f3a.SMWGUGG3J2SJKHWR.SEARCH&ssid=8q6p6ny0ds0000001717908194043
Fastrack Revoltt FS1 Max|Biggest 1.95'' UltraVU Curve D...,/fastrack-revoltt-fs1-max-biggest-1-95-ultravu-curve-display-bt-calling-100-multisports-smartwatch/p/itmd87b5ab58de08?pid=SMWGQ4XHFDKYBPWW&lid=LSTSMWGQ4XHFDKYBPWWZTVPNW&marketplace=FLIPKART&store=ajy%2Fbuh&srno=b_1_37&otracker=dynamic_omu_infinite_Best%2Bof%2BElectronics_6_1.dealCard.OMU_INFINITE_E1YF2OWYF3ML&iid=f810229b-3bdf-4121-b3c3-3e4e6df78f3a.SMWGQ4XHFDKYBPWW.SEARCH&ssid=8q6p6ny0ds0000001717908194043
Fastrack Revoltt FR1 Pro|1.3Inch AMOLED display with 60...,/fastrack-revoltt-fr1-pro-1-3inch-amoled-display-600-nits-advanced-bt-calling-chipset-smartwatch/p/itmbb977db78713e?pid=SMWGPB6YAANQFJSF&lid=LSTSMWGPB6YAANQFJSFCTXBUU&marketplace=FLIPKART&store=ajy%2Fbuh&srno=b_1_38&otracker=dynamic_omu_infinite_Best%2Bof%2BElectronics_6_1.dealCard.OMU_INFINITE_E1YF2OWYF3ML&iid=f810229b-3bdf-4121-b3c3-3e4e6df78f3a.SMWGPB6YAANQFJSF.SEARCH&ssid=8q6p6ny0ds0000001717908194043
Fastrack Revoltt X|1.83'' HD Display|SingleSync BT Call...,/fastrack-revoltt-x-1-83-hd-display-singlesync-bt-calling-advanced-chipset-calculator-smartwatch/p/itmf7434ffe6c524?pid=SMWGRV3K7UAP8TCX&lid=LSTSMWGRV3K7UAP8TCXNOF9PC&marketplace=FLIPKART&store=ajy%2Fbuh&srno=b_1_39&otracker=dynamic_omu_infinite_Best%2Bof%2BElectronics_6_1.dealCard.OMU_INFINITE_E1YF2OWYF3ML&iid=f810229b-3bdf-4121-b3c3-3e4e6df78f3a.SMWGRV3K7UAP8TCX.SEARCH&ssid=8q6p6ny0ds0000001717908194043
Fastrack Reflex Vox 2 with Large 1.8" HD Display, BT Ca...,/fastrack-reflex-vox-2-large-1-8-hd-display-bt-calling-music-storage-tws-connect-smartwatch/p/itmf15ef3d7e9cc9?pid=SMWGKQFJ92XAJBMV&lid=LSTSMWGKQFJ92XAJBMV05GUKU&marketplace=FLIPKART&store=ajy%2Fbuh&srno=b_1_40&otracker=dynamic_omu_infinite_Best%2Bof%2BElectronics_6_1.dealCard.OMU_INFINITE_E1YF2OWYF3ML&iid=f810229b-3bdf-4121-b3c3-3e4e6df78f3a.SMWGKQFJ92XAJBMV.SEARCH&ssid=8q6p6ny0ds0000001717908194043
Fastrack Optimus with 1.43'' AMOLED Display with AOD(46...,/fastrack-optimus-1-43-amoled-display-aod-466x466-bt-calling-calculator-ip68-smartwatch/p/itmfc30b805c3b71?pid=SMWGT3KQVQFZZEKJ&lid=LSTSMWGT3KQVQFZZEKJQONDFC&marketplace=FLIPKART&store=ajy%2Fbuh&srno=b_2_41&otracker=dynamic_omu_infinite_Best%2Bof%2BElectronics_6_1.dealCard.OMU_INFINITE_E1YF2OWYF3ML&iid=98a99657-70a1-492e-8ab8-4b695d1778c4.SMWGT3KQVQFZZEKJ.SEARCH&ssid=7bksl4gf8g0000001717908194684
Fastrack Revoltt FS1 Max|Biggest 1.95'' UltraVU Curve D...,/fastrack-revoltt-fs1-max-biggest-1-95-ultravu-curve-display-bt-calling-100-multisports-smartwatch/p/itm20080c474dade?pid=SMWGQ4XHBS7EGTUJ&lid=LSTSMWGQ4XHBS7EGTUJJGYPGQ&marketplace=FLIPKART&store=ajy%2Fbuh&srno=b_2_42&otracker=dynamic_omu_infinite_Best%2Bof%2BElectronics_6_1.dealCard.OMU_INFINITE_E1YF2OWYF3ML&iid=98a99657-70a1-492e-8ab8-4b695d1778c4.SMWGQ4XHBS7EGTUJ.SEARCH&ssid=7bksl4gf8g0000001717908194684
Fastrack Revoltt X|1.83'' HD Display|SingleSync BT Call...,/fastrack-revoltt-x-1-83-hd-display-singlesync-bt-calling-advanced-chipset-calculator-smartwatch/p/itm9d9e8952a9200?pid=SMWGRV3KPXXHCMGZ&lid=LSTSMWGRV3KPXXHCMGZ0YW1YL&marketplace=FLIPKART&store=ajy%2Fbuh&srno=b_2_43&otracker=dynamic_omu_infinite_Best%2Bof%2BElectronics_6_1.dealCard.OMU_INFINITE_E1YF2OWYF3ML&iid=98a99657-70a1-492e-8ab8-4b695d1778c4.SMWGRV3KPXXHCMGZ.SEARCH&ssid=7bksl4gf8g0000001717908194684
Fastrack Optimus with 1.43'' AMOLED Display with AOD(46...,/fastrack-optimus-1-43-amoled-display-aod-466x466-bt-calling-calculator-ip68-smartwatch/p/itm1a1d5c288a1bd?pid=SMWGT3KQPK9NDEQW&lid=LSTSMWGT3KQPK9NDEQW2MG3FS&marketplace=FLIPKART&store=ajy%2Fbuh&srno=b_2_44&otracker=dynamic_omu_infinite_Best%2Bof%2BElectronics_6_1.dealCard.OMU_INFINITE_E1YF2OWYF3ML&iid=98a99657-70a1-492e-8ab8-4b695d1778c4.SMWGT3KQPK9NDEQW.SEARCH&ssid=7bksl4gf8g0000001717908194684
Fastrack Fastrack Revoltt X Smartwatch,/fastrack-revoltt-x-smartwatch/p/itmd424be45c092c?pid=SMWGTMYYPGG29UQ5&lid=LSTSMWGTMYYPGG29UQ5DCRNHY&marketplace=FLIPKART&store=ajy%2Fbuh&srno=b_2_45&otracker=dynamic_omu_infinite_Best%2Bof%2BElectronics_6_1.dealCard.OMU_INFINITE_E1YF2OWYF3ML&iid=98a99657-70a1-492e-8ab8-4b695d1778c4.SMWGTMYYPGG29UQ5.SEARCH&ssid=7bksl4gf8g0000001717908194684
Fastrack FR1|1.39 inch Super UltraVU Display(360*360)|A...,/fastrack-fr1-1-39-inch-super-ultravu-display-360-360-advanced-bt-calling-split-screen-smartwatch/p/itm4c8ab87951528?pid=SMWGQ9K9NP3NCBKB&lid=LSTSMWGQ9K9NP3NCBKBXH2LMS&marketplace=FLIPKART&store=ajy%2Fbuh&srno=b_2_46&otracker=dynamic_omu_infinite_Best%2Bof%2BElectronics_6_1.dealCard.OMU_INFINITE_E1YF2OWYF3ML&iid=98a99657-70a1-492e-8ab8-4b695d1778c4.SMWGQ9K9NP3NCBKB.SEARCH&ssid=7bksl4gf8g0000001717908194684
Fastrack Revoltt X|1.83'' HD Display|SingleSync BT Call...,/fastrack-revoltt-x-1-83-hd-display-singlesync-bt-calling-advanced-chipset-calculator-smartwatch/p/itm5a26444458f59?pid=SMWGTMYY3DUQSTW9&lid=LSTSMWGTMYY3DUQSTW9JNZVHH&marketplace=FLIPKART&store=ajy%2Fbuh&srno=b_2_47&otracker=dynamic_omu_infinite_Best%2Bof%2BElectronics_6_1.dealCard.OMU_INFINITE_E1YF2OWYF3ML&iid=98a99657-70a1-492e-8ab8-4b695d1778c4.SMWGTMYY3DUQSTW9.SEARCH&ssid=7bksl4gf8g0000001717908194684
Fastrack Revoltt Vigor 1.91 Super HD Display|700 Nits|F...,/fastrack-revoltt-vigor-1-91-super-hd-display-700-nits-functional-crown-bt-calling-rugged-smartwatch/p/itmfb129e4968bb0?pid=SMWGTEUNUYGPPJJX&lid=LSTSMWGTEUNUYGPPJJXIXCG42&marketplace=FLIPKART&store=ajy%2Fbuh&srno=b_2_48&otracker=dynamic_omu_infinite_Best%2Bof%2BElectronics_6_1.dealCard.OMU_INFINITE_E1YF2OWYF3ML&iid=98a99657-70a1-492e-8ab8-4b695d1778c4.SMWGTEUNUYGPPJJX.SEARCH&ssid=7bksl4gf8g0000001717908194684
Fastrack Revoltt FS1 Max|Biggest 1.95'' UltraVU Curve D...,/fastrack-revoltt-fs1-max-biggest-1-95-ultravu-curve-display-bt-calling-100-multisports-smartwatch/p/itmd9b6f4c28bf39?pid=SMWGTGANDFWX5GXU&lid=LSTSMWGTGANDFWX5GXUW91Y3T&marketplace=FLIPKART&store=ajy%2Fbuh&srno=b_2_49&otracker=dynamic_omu_infinite_Best%2Bof%2BElectronics_6_1.dealCard.OMU_INFINITE_E1YF2OWYF3ML&iid=98a99657-70a1-492e-8ab8-4b695d1778c4.SMWGTGANDFWX5GXU.SEARCH&ssid=7bksl4gf8g0000001717908194684
Fastrack FR1|1.39 inch Super UltraVU Display(360*360)|A...,/fastrack-fr1-1-39-inch-super-ultravu-display-360-360-advanced-bt-calling-split-screen-smartwatch/p/itm58230d0f55844?pid=SMWGQ9K9JHFWJUXF&lid=LSTSMWGQ9K9JHFWJUXFKBQQ87&marketplace=FLIPKART&store=ajy%2Fbuh&srno=b_2_50&otracker=dynamic_omu_infinite_Best%2Bof%2BElectronics_6_1.dealCard.OMU_INFINITE_E1YF2OWYF3ML&iid=98a99657-70a1-492e-8ab8-4b695d1778c4.SMWGQ9K9JHFWJUXF.SEARCH&ssid=7bksl4gf8g0000001717908194684
Fastrack Nitro Pro 1.85" AMOLED Display with AOD (390x4...,/fastrack-nitro-pro-1-85-amoled-display-aod-390x450-functional-crown-bt-calling-smartwatch/p/itmf8c176155fbf1?pid=SMWGVGBCPSGWSM7F&lid=LSTSMWGVGBCPSGWSM7FAFYQEL&marketplace=FLIPKART&store=ajy%2Fbuh&srno=b_2_51&otracker=dynamic_omu_infinite_Best%2Bof%2BElectronics_6_1.dealCard.OMU_INFINITE_E1YF2OWYF3ML&iid=98a99657-70a1-492e-8ab8-4b695d1778c4.SMWGVGBCPSGWSM7F.SEARCH&ssid=7bksl4gf8g0000001717908194684
Fastrack Revoltt Vigor 1.91 Super HD Display|700 Nits|F...,/fastrack-revoltt-vigor-1-91-super-hd-display-700-nits-functional-crown-bt-calling-rugged-smartwatch/p/itm587d2694a30a4?pid=SMWGTEUN5DAPWP3C&lid=LSTSMWGTEUN5DAPWP3CWYX3UZ&marketplace=FLIPKART&store=ajy%2Fbuh&srno=b_2_52&otracker=dynamic_omu_infinite_Best%2Bof%2BElectronics_6_1.dealCard.OMU_INFINITE_E1YF2OWYF3ML&iid=98a99657-70a1-492e-8ab8-4b695d1778c4.SMWGTEUN5DAPWP3C.SEARCH&ssid=7bksl4gf8g0000001717908194684
Fastrack Revoltt FS2 1.91 Super HD Display(320x385) wit...,/fastrack-revoltt-fs2-1-91-super-hd-display-320x385-functional-crown-bt-calling-smartwatch/p/itm595715eca6532?pid=SMWGUGG3NUXZEFKE&lid=LSTSMWGUGG3NUXZEFKE84PK1G&marketplace=FLIPKART&store=ajy%2Fbuh&srno=b_2_53&otracker=dynamic_omu_infinite_Best%2Bof%2BElectronics_6_1.dealCard.OMU_INFINITE_E1YF2OWYF3ML&iid=98a99657-70a1-492e-8ab8-4b695d1778c4.SMWGUGG3NUXZEFKE.SEARCH&ssid=7bksl4gf8g0000001717908194684
Fastrack Revoltt Z1 with 1.91'' UltraVU HD Display|700 ...,/fastrack-revoltt-z1-1-91-ultravu-hd-display-700-nits-bt-calling-advanced-chipset-smartwatch/p/itm915ca6646fb36?pid=SMWGTERBG5KGD4GV&lid=LSTSMWGTERBG5KGD4GVXQKLGW&marketplace=FLIPKART&store=ajy%2Fbuh&srno=b_2_54&otracker=dynamic_omu_infinite_Best%2Bof%2BElectronics_6_1.dealCard.OMU_INFINITE_E1YF2OWYF3ML&iid=98a99657-70a1-492e-8ab8-4b695d1778c4.SMWGTERBG5KGD4GV.SEARCH&ssid=7bksl4gf8g0000001717908194684
Fastrack Active 1.83" HD Display,Functional Crown,BT Ca...,/fastrack-active-1-83-hd-display-functional-crown-bt-calling-advanced-chipset-rugged-smartwatch/p/itmf6aa43225447a?pid=SMWGVGBCTCZUAPSW&lid=LSTSMWGVGBCTCZUAPSWKOOSOB&marketplace=FLIPKART&store=ajy%2Fbuh&srno=b_2_55&otracker=dynamic_omu_infinite_Best%2Bof%2BElectronics_6_1.dealCard.OMU_INFINITE_E1YF2OWYF3ML&iid=98a99657-70a1-492e-8ab8-4b695d1778c4.SMWGVGBCTCZUAPSW.SEARCH&ssid=7bksl4gf8g0000001717908194684
Fastrack Revoltt Z1 with 1.91'' UltraVU HD Display|700 ...,/fastrack-revoltt-z1-1-91-ultravu-hd-display-700-nits-bt-calling-advanced-chipset-smartwatch/p/itm2694eae9fe4ea?pid=SMWGTERBHEYJGYPQ&lid=LSTSMWGTERBHEYJGYPQVX5HMW&marketplace=FLIPKART&store=ajy%2Fbuh&srno=b_2_56&otracker=dynamic_omu_infinite_Best%2Bof%2BElectronics_6_1.dealCard.OMU_INFINITE_E1YF2OWYF3ML&iid=98a99657-70a1-492e-8ab8-4b695d1778c4.SMWGTERBHEYJGYPQ.SEARCH&ssid=7bksl4gf8g0000001717908194684
Fastrack Revoltt Z1 with 1.91'' UltraVU HD Display|700 ...,/fastrack-revoltt-z1-1-91-ultravu-hd-display-700-nits-bt-calling-advanced-chipset-smartwatch/p/itme55bb4d6cd03c?pid=SMWGTERB9JX5S8HQ&lid=LSTSMWGTERB9JX5S8HQVXOPII&marketplace=FLIPKART&store=ajy%2Fbuh&srno=b_2_57&otracker=dynamic_omu_infinite_Best%2Bof%2BElectronics_6_1.dealCard.OMU_INFINITE_E1YF2OWYF3ML&iid=98a99657-70a1-492e-8ab8-4b695d1778c4.SMWGTERB9JX5S8HQ.SEARCH&ssid=7bksl4gf8g0000001717908194684
Fastrack Revoltt Z1 with 1.91'' UltraVU HD Display|700 ...,/fastrack-revoltt-z1-1-91-ultravu-hd-display-700-nits-bt-calling-advanced-chipset-smartwatch/p/itmeedf6c51e7596?pid=SMWGTERBNGGWWGGP&lid=LSTSMWGTERBNGGWWGGPVABE57&marketplace=FLIPKART&store=ajy%2Fbuh&srno=b_2_58&otracker=dynamic_omu_infinite_Best%2Bof%2BElectronics_6_1.dealCard.OMU_INFINITE_E1YF2OWYF3ML&iid=98a99657-70a1-492e-8ab8-4b695d1778c4.SMWGTERBNGGWWGGP.SEARCH&ssid=7bksl4gf8g0000001717908194684
Fastrack Active Pro 1.85" AMOLED Display&AOD(390x450),F...,/fastrack-active-pro-1-85-amoled-display-aod-390x450-functional-crown-bt-calling-rugged-smartwatch/p/itm5e0da23c454d1?pid=SMWGVGBCZXGDD45G&lid=LSTSMWGVGBCZXGDD45GG4EOUC&marketplace=FLIPKART&store=ajy%2Fbuh&srno=b_2_59&otracker=dynamic_omu_infinite_Best%2Bof%2BElectronics_6_1.dealCard.OMU_INFINITE_E1YF2OWYF3ML&iid=98a99657-70a1-492e-8ab8-4b695d1778c4.SMWGVGBCZXGDD45G.SEARCH&ssid=7bksl4gf8g0000001717908194684
Fastrack Revoltt X2 with 1.91' BT Calling|Rotating Crow...,/fastrack-revoltt-x2-1-91-bt-calling-rotating-crown-60-hz-refresh-rate-fast-charge-smartwatch/p/itm8318d5eb87c01?pid=SMWHY8YMK5KUC7Y3&lid=LSTSMWHY8YMK5KUC7Y3EGGF0C&marketplace=FLIPKART&store=ajy%2Fbuh&srno=b_2_60&otracker=dynamic_omu_infinite_Best%2Bof%2BElectronics_6_1.dealCard.OMU_INFINITE_E1YF2OWYF3ML&iid=98a99657-70a1-492e-8ab8-4b695d1778c4.SMWHY8YMK5KUC7Y3.SEARCH&ssid=7bksl4gf8g0000001717908194684
Fastrack Reflex Beat+ 1.69 inch UltraVU Display|500 Nit...,/fastrack-reflex-beat-1-69-inch-ultravu-display-500-nits-60-sports-modes-100-watchfaces-smartwatch/p/itme50d8f0f63945?pid=SMWGQHDZPGS4G4A6&lid=LSTSMWGQHDZPGS4G4A6AAYAPK&marketplace=FLIPKART&store=ajy%2Fbuh&srno=b_2_61&otracker=dynamic_omu_infinite_Best%2Bof%2BElectronics_6_1.dealCard.OMU_INFINITE_E1YF2OWYF3ML&iid=98a99657-70a1-492e-8ab8-4b695d1778c4.SMWGQHDZPGS4G4A6.SEARCH&ssid=7bksl4gf8g0000001717908194684
Fastrack Revoltt Vigor 1.91 Super HD Display|700 Nits|F...,/fastrack-revoltt-vigor-1-91-super-hd-display-700-nits-functional-crown-bt-calling-rugged-smartwatch/p/itm569e603a6a80a?pid=SMWGTEUNFGCGRZU8&lid=LSTSMWGTEUNFGCGRZU8HJKHMD&marketplace=FLIPKART&store=ajy%2Fbuh&srno=b_2_62&otracker=dynamic_omu_infinite_Best%2Bof%2BElectronics_6_1.dealCard.OMU_INFINITE_E1YF2OWYF3ML&iid=98a99657-70a1-492e-8ab8-4b695d1778c4.SMWGTEUNFGCGRZU8.SEARCH&ssid=7bksl4gf8g0000001717908194684
Fastrack Active Pro 1.85" AMOLED Display&AOD(390x450),F...,/fastrack-active-pro-1-85-amoled-display-aod-390x450-functional-crown-bt-calling-rugged-smartwatch/p/itme07d243ee223c?pid=SMWGVGBCQ8UKTWEQ&lid=LSTSMWGVGBCQ8UKTWEQPTFIKS&marketplace=FLIPKART&store=ajy%2Fbuh&srno=b_2_63&otracker=dynamic_omu_infinite_Best%2Bof%2BElectronics_6_1.dealCard.OMU_INFINITE_E1YF2OWYF3ML&iid=98a99657-70a1-492e-8ab8-4b695d1778c4.SMWGVGBCQ8UKTWEQ.SEARCH&ssid=7bksl4gf8g0000001717908194684
Fastrack Nitro Pro 1.85" AMOLED Display with AOD (390x4...,/fastrack-nitro-pro-1-85-amoled-display-aod-390x450-functional-crown-bt-calling-smartwatch/p/itmff5ace3679f76?pid=SMWGVGBCAQCEFECQ&lid=LSTSMWGVGBCAQCEFECQNFEZTO&marketplace=FLIPKART&store=ajy%2Fbuh&srno=b_2_64&otracker=dynamic_omu_infinite_Best%2Bof%2BElectronics_6_1.dealCard.OMU_INFINITE_E1YF2OWYF3ML&iid=98a99657-70a1-492e-8ab8-4b695d1778c4.SMWGVGBCAQCEFECQ.SEARCH&ssid=7bksl4gf8g0000001717908194684
Fastrack Active 1.83" HD Display,Functional Crown,BT Ca...,/fastrack-active-1-83-hd-display-functional-crown-bt-calling-advanced-chipset-rugged-smartwatch/p/itm6dee16d1d8ce8?pid=SMWGVGBCEBNGSQGJ&lid=LSTSMWGVGBCEBNGSQGJK5PRYB&marketplace=FLIPKART&store=ajy%2Fbuh&srno=b_2_65&otracker=dynamic_omu_infinite_Best%2Bof%2BElectronics_6_1.dealCard.OMU_INFINITE_E1YF2OWYF3ML&iid=98a99657-70a1-492e-8ab8-4b695d1778c4.SMWGVGBCEBNGSQGJ.SEARCH&ssid=7bksl4gf8g0000001717908194684
Fastrack Nitro Pro 1.85" AMOLED Display with AOD (390x4...,/fastrack-nitro-pro-1-85-amoled-display-aod-390x450-functional-crown-bt-calling-smartwatch/p/itm7f54450c847da?pid=SMWGVGBCR6P9KEH8&lid=LSTSMWGVGBCR6P9KEH8NXOSOJ&marketplace=FLIPKART&store=ajy%2Fbuh&srno=b_2_66&otracker=dynamic_omu_infinite_Best%2Bof%2BElectronics_6_1.dealCard.OMU_INFINITE_E1YF2OWYF3ML&iid=98a99657-70a1-492e-8ab8-4b695d1778c4.SMWGVGBCR6P9KEH8.SEARCH&ssid=7bksl4gf8g0000001717908194684
Fastrack Nitro Pro 1.85" AMOLED Display with AOD (390x4...,/fastrack-nitro-pro-1-85-amoled-display-aod-390x450-functional-crown-bt-calling-smartwatch/p/itm80bdfaff0c204?pid=SMWGVGBCRSVHB6BT&lid=LSTSMWGVGBCRSVHB6BTTT6UXD&marketplace=FLIPKART&store=ajy%2Fbuh&srno=b_2_67&otracker=dynamic_omu_infinite_Best%2Bof%2BElectronics_6_1.dealCard.OMU_INFINITE_E1YF2OWYF3ML&iid=98a99657-70a1-492e-8ab8-4b695d1778c4.SMWGVGBCRSVHB6BT.SEARCH&ssid=7bksl4gf8g0000001717908194684
Fastrack Reflex Play+ 1.3 AMOLED Display|BT Calling|25+...,/fastrack-reflex-play-1-3-amoled-display-bt-calling-25-sports-modes-smartwatch-smartwatch/p/itm04946c90576b6?pid=SMWGHERKCYKFG2S4&lid=LSTSMWGHERKCYKFG2S4WBVXVH&marketplace=FLIPKART&store=ajy%2Fbuh&srno=b_2_68&otracker=dynamic_omu_infinite_Best%2Bof%2BElectronics_6_1.dealCard.OMU_INFINITE_E1YF2OWYF3ML&iid=98a99657-70a1-492e-8ab8-4b695d1778c4.SMWGHERKCYKFG2S4.SEARCH&ssid=7bksl4gf8g0000001717908194684
Fastrack FR1|1.39 inch Super UltraVU Display(360*360)|A...,/fastrack-fr1-1-39-inch-super-ultravu-display-360-360-advanced-bt-calling-split-screen-smartwatch/p/itm3be6b73635326?pid=SMWGQ9K9BTJBTWGS&lid=LSTSMWGQ9K9BTJBTWGSSF7NOQ&marketplace=FLIPKART&store=ajy%2Fbuh&srno=b_2_69&otracker=dynamic_omu_infinite_Best%2Bof%2BElectronics_6_1.dealCard.OMU_INFINITE_E1YF2OWYF3ML&iid=98a99657-70a1-492e-8ab8-4b695d1778c4.SMWGQ9K9BTJBTWGS.SEARCH&ssid=7bksl4gf8g0000001717908194684
Fastrack Revoltt FR1 Pro|1.3Inch AMOLED display with 60...,/fastrack-revoltt-fr1-pro-1-3inch-amoled-display-600-nits-advanced-bt-calling-chipset-smartwatch/p/itm809bf963baaa1?pid=SMWGTF3BF8DAJPMC&lid=LSTSMWGTF3BF8DAJPMCVXKVFI&marketplace=FLIPKART&store=ajy%2Fbuh&srno=b_2_70&otracker=dynamic_omu_infinite_Best%2Bof%2BElectronics_6_1.dealCard.OMU_INFINITE_E1YF2OWYF3ML&iid=98a99657-70a1-492e-8ab8-4b695d1778c4.SMWGTF3BF8DAJPMC.SEARCH&ssid=7bksl4gf8g0000001717908194684
Fastrack Reflex Play+ 1.3 AMOLED Display|BT Calling|25+...,/fastrack-reflex-play-1-3-amoled-display-bt-calling-25-sports-modes-smartwatch/p/itm72ec6c64d9095?pid=SMWGHERKBBZQYF3P&lid=LSTSMWGHERKBBZQYF3PF7JMG2&marketplace=FLIPKART&store=ajy%2Fbuh&srno=b_2_71&otracker=dynamic_omu_infinite_Best%2Bof%2BElectronics_6_1.dealCard.OMU_INFINITE_E1YF2OWYF3ML&iid=98a99657-70a1-492e-8ab8-4b695d1778c4.SMWGHERKBBZQYF3P.SEARCH&ssid=7bksl4gf8g0000001717908194684
Fastrack Revoltt FR1 Pro|1.3Inch AMOLED display with 60...,/fastrack-revoltt-fr1-pro-1-3inch-amoled-display-600-nits-advanced-bt-calling-chipset-smartwatch/p/itm28aa4ed3032ad?pid=SMWGTF3BXMNAJWY8&lid=LSTSMWGTF3BXMNAJWY8S03F2G&marketplace=FLIPKART&store=ajy%2Fbuh&srno=b_2_72&otracker=dynamic_omu_infinite_Best%2Bof%2BElectronics_6_1.dealCard.OMU_INFINITE_E1YF2OWYF3ML&iid=98a99657-70a1-492e-8ab8-4b695d1778c4.SMWGTF3BXMNAJWY8.SEARCH&ssid=7bksl4gf8g0000001717908194684
Fastrack Revoltt FR1 Pro|1.3Inch AMOLED display with 60...,/fastrack-revoltt-fr1-pro-1-3inch-amoled-display-600-nits-advanced-bt-calling-chipset-smartwatch/p/itmd6e0882a75f5b?pid=SMWGPB6YWX22MM5U&lid=LSTSMWGPB6YWX22MM5UVJQIJS&marketplace=FLIPKART&store=ajy%2Fbuh&srno=b_2_73&otracker=dynamic_omu_infinite_Best%2Bof%2BElectronics_6_1.dealCard.OMU_INFINITE_E1YF2OWYF3ML&iid=98a99657-70a1-492e-8ab8-4b695d1778c4.SMWGPB6YWX22MM5U.SEARCH&ssid=7bksl4gf8g0000001717908194684
Fastrack Reflex Hello 1.69 HD Display BT Calling AI Voi...,/fastrack-reflex-hello-1-69-hd-display-bt-calling-ai-voice-50-sport-smartwatch/p/itm00abb937c1412?pid=SMWGHEZRQ34AYMKK&lid=LSTSMWGHEZRQ34AYMKKULQSW3&marketplace=FLIPKART&store=ajy%2Fbuh&srno=b_2_74&otracker=dynamic_omu_infinite_Best%2Bof%2BElectronics_6_1.dealCard.OMU_INFINITE_E1YF2OWYF3ML&iid=98a99657-70a1-492e-8ab8-4b695d1778c4.SMWGHEZRQ34AYMKK.SEARCH&ssid=7bksl4gf8g0000001717908194684
Fastrack Reflex Vox 2 with Large 1.8" HD Display, BT Ca...,/fastrack-reflex-vox-2-large-1-8-hd-display-bt-calling-music-storage-tws-connect-smartwatch/p/itm039ce22f3b9ef?pid=SMWGKQFJSTJXQRCP&lid=LSTSMWGKQFJSTJXQRCPAOVNOV&marketplace=FLIPKART&store=ajy%2Fbuh&srno=b_2_75&otracker=dynamic_omu_infinite_Best%2Bof%2BElectronics_6_1.dealCard.OMU_INFINITE_E1YF2OWYF3ML&iid=98a99657-70a1-492e-8ab8-4b695d1778c4.SMWGKQFJSTJXQRCP.SEARCH&ssid=7bksl4gf8g0000001717908194684
Fastrack Vivid Pro 1.43" AMOLED Display with AOD(466x46...,/fastrack-vivid-pro-1-43-amoled-display-aod-466x466-functional-crown-bt-calling-smartwatch/p/itmc653f58c3059f?pid=SMWGVGBC3XETE8UN&lid=LSTSMWGVGBC3XETE8UNDQ4YM1&marketplace=FLIPKART&store=ajy%2Fbuh&srno=b_2_76&otracker=dynamic_omu_infinite_Best%2Bof%2BElectronics_6_1.dealCard.OMU_INFINITE_E1YF2OWYF3ML&iid=98a99657-70a1-492e-8ab8-4b695d1778c4.SMWGVGBC3XETE8UN.SEARCH&ssid=7bksl4gf8g0000001717908194684
Fastrack Vivid Pro 1.43" AMOLED Display with AOD(466x46...,/fastrack-vivid-pro-1-43-amoled-display-aod-466x466-functional-crown-bt-calling-smartwatch/p/itmcb93c01435791?pid=SMWGVGBC58H7KVCG&lid=LSTSMWGVGBC58H7KVCGKUTKRR&marketplace=FLIPKART&store=ajy%2Fbuh&srno=b_2_77&otracker=dynamic_omu_infinite_Best%2Bof%2BElectronics_6_1.dealCard.OMU_INFINITE_E1YF2OWYF3ML&iid=98a99657-70a1-492e-8ab8-4b695d1778c4.SMWGVGBC58H7KVCG.SEARCH&ssid=7bksl4gf8g0000001717908194684
Fastrack Revoltt Z1 with 1.91'' UltraVU HD Display|700 ...,/fastrack-revoltt-z1-1-91-ultravu-hd-display-700-nits-bt-calling-advanced-chipset-smartwatch/p/itme24793a2c3e52?pid=SMWGTERB99SGEV6A&lid=LSTSMWGTERB99SGEV6AVDFCGC&marketplace=FLIPKART&store=ajy%2Fbuh&srno=b_2_78&otracker=dynamic_omu_infinite_Best%2Bof%2BElectronics_6_1.dealCard.OMU_INFINITE_E1YF2OWYF3ML&iid=98a99657-70a1-492e-8ab8-4b695d1778c4.SMWGTERB99SGEV6A.SEARCH&ssid=7bksl4gf8g0000001717908194684
Fastrack Revoltt X|1.83'' HD Display|SingleSync BT Call...,/fastrack-revoltt-x-1-83-hd-display-singlesync-bt-calling-advanced-chipset-calculator-smartwatch/p/itm6be95fe275d25?pid=SMWGRV3KSGUWH8YZ&lid=LSTSMWGRV3KSGUWH8YZGZFFPJ&marketplace=FLIPKART&store=ajy%2Fbuh&srno=b_2_79&otracker=dynamic_omu_infinite_Best%2Bof%2BElectronics_6_1.dealCard.OMU_INFINITE_E1YF2OWYF3ML&iid=98a99657-70a1-492e-8ab8-4b695d1778c4.SMWGRV3KSGUWH8YZ.SEARCH&ssid=7bksl4gf8g0000001717908194684
Fastrack Revoltt FR1 Pro|1.3Inch AMOLED display with 60...,/fastrack-revoltt-fr1-pro-1-3inch-amoled-display-600-nits-advanced-bt-calling-chipset-smartwatch/p/itmb4bcd794950df?pid=SMWGPB6YXVHWTFKY&lid=LSTSMWGPB6YXVHWTFKYPGCJP5&marketplace=FLIPKART&store=ajy%2Fbuh&srno=b_2_80&otracker=dynamic_omu_infinite_Best%2Bof%2BElectronics_6_1.dealCard.OMU_INFINITE_E1YF2OWYF3ML&iid=98a99657-70a1-492e-8ab8-4b695d1778c4.SMWGPB6YXVHWTFKY.SEARCH&ssid=7bksl4gf8g0000001717908194684
Fastrack Revoltt X|1.83'' HD Display|SingleSync BT Call...,/fastrack-revoltt-x-1-83-hd-display-singlesync-bt-calling-advanced-chipset-calculator-smartwatch/p/itmf358b8e6e89cb?pid=SMWGTMYYGFZWMDPK&lid=LSTSMWGTMYYGFZWMDPKUHS1RP&marketplace=FLIPKART&store=ajy%2Fbuh&srno=b_3_81&otracker=dynamic_omu_infinite_Best%2Bof%2BElectronics_6_1.dealCard.OMU_INFINITE_E1YF2OWYF3ML&iid=6147f464-c784-47c8-8e23-2519fde1ba35.SMWGTMYYGFZWMDPK.SEARCH&ssid=gef82v9kww0000001717908195753
Fastrack FR1|1.39 inch Super UltraVU Display(360*360)|A...,/fastrack-fr1-1-39-inch-super-ultravu-display-360-360-advanced-bt-calling-split-screen-smartwatch/p/itmddcb4d862931d?pid=SMWGPB6AHWAC9AGR&lid=LSTSMWGPB6AHWAC9AGRAL0GFD&marketplace=FLIPKART&store=ajy%2Fbuh&srno=b_3_82&otracker=dynamic_omu_infinite_Best%2Bof%2BElectronics_6_1.dealCard.OMU_INFINITE_E1YF2OWYF3ML&iid=6147f464-c784-47c8-8e23-2519fde1ba35.SMWGPB6AHWAC9AGR.SEARCH&ssid=gef82v9kww0000001717908195753
Fastrack Revoltt FR1 Pro|1.3Inch AMOLED display with 60...,/fastrack-revoltt-fr1-pro-1-3inch-amoled-display-600-nits-advanced-bt-calling-chipset-smartwatch/p/itma8c613902755e?pid=SMWGPB6YFMYJRDHR&lid=LSTSMWGPB6YFMYJRDHRZ13UFG&marketplace=FLIPKART&store=ajy%2Fbuh&srno=b_3_83&otracker=dynamic_omu_infinite_Best%2Bof%2BElectronics_6_1.dealCard.OMU_INFINITE_E1YF2OWYF3ML&iid=6147f464-c784-47c8-8e23-2519fde1ba35.SMWGPB6YFMYJRDHR.SEARCH&ssid=gef82v9kww0000001717908195753
Fastrack FR1|1.39 inch Super UltraVU Display(360*360)|A...,/fastrack-fr1-1-39-inch-super-ultravu-display-360-360-advanced-bt-calling-split-screen-smartwatch/p/itm69be4014429bb?pid=SMWGPB6AGTCFBNG6&lid=LSTSMWGPB6AGTCFBNG6P03X6O&marketplace=FLIPKART&store=ajy%2Fbuh&srno=b_3_84&otracker=dynamic_omu_infinite_Best%2Bof%2BElectronics_6_1.dealCard.OMU_INFINITE_E1YF2OWYF3ML&iid=6147f464-c784-47c8-8e23-2519fde1ba35.SMWGPB6AGTCFBNG6.SEARCH&ssid=gef82v9kww0000001717908195753
Fastrack Reflex Play+ 1.3 AMOLED Display|BT Calling|25+...,/fastrack-reflex-play-1-3-amoled-display-bt-calling-25-sports-modes-smartwatch-smartwatch/p/itm1416450e9ff41?pid=SMWGHERKWSG7S8CZ&lid=LSTSMWGHERKWSG7S8CZIGGATV&marketplace=FLIPKART&store=ajy%2Fbuh&srno=b_3_85&otracker=dynamic_omu_infinite_Best%2Bof%2BElectronics_6_1.dealCard.OMU_INFINITE_E1YF2OWYF3ML&iid=6147f464-c784-47c8-8e23-2519fde1ba35.SMWGHERKWSG7S8CZ.SEARCH&ssid=gef82v9kww0000001717908195753
Fastrack FR1|1.39 inch Super UltraVU Display(360*360)|A...,/fastrack-fr1-1-39-inch-super-ultravu-display-360-360-advanced-bt-calling-split-screen-smartwatch/p/itmc569d4fed0c9a?pid=SMWGPB6ACDN6Y62Q&lid=LSTSMWGPB6ACDN6Y62QCMBZTZ&marketplace=FLIPKART&store=ajy%2Fbuh&srno=b_3_86&otracker=dynamic_omu_infinite_Best%2Bof%2BElectronics_6_1.dealCard.OMU_INFINITE_E1YF2OWYF3ML&iid=6147f464-c784-47c8-8e23-2519fde1ba35.SMWGPB6ACDN6Y62Q.SEARCH&ssid=gef82v9kww0000001717908195753
Fastrack Revoltt X|1.83'' HD Display|SingleSync BT Call...,/fastrack-revoltt-x-1-83-hd-display-singlesync-bt-calling-advanced-chipset-calculator-smartwatch/p/itm32e83b9e93c24?pid=SMWGRV3KHYBEFCA9&lid=LSTSMWGRV3KHYBEFCA96FIUVQ&marketplace=FLIPKART&store=ajy%2Fbuh&srno=b_3_87&otracker=dynamic_omu_infinite_Best%2Bof%2BElectronics_6_1.dealCard.OMU_INFINITE_E1YF2OWYF3ML&iid=6147f464-c784-47c8-8e23-2519fde1ba35.SMWGRV3KHYBEFCA9.SEARCH&ssid=gef82v9kww0000001717908195753
Fastrack FR1|1.39 inch Super UltraVU Display(360*360)|A...,/fastrack-fr1-1-39-inch-super-ultravu-display-360-360-advanced-bt-calling-split-screen-smartwatch/p/itmae5e14e8812ed?pid=SMWGQ9K9ZZHAHFWE&lid=LSTSMWGQ9K9ZZHAHFWE7RATU4&marketplace=FLIPKART&store=ajy%2Fbuh&srno=b_3_88&otracker=dynamic_omu_infinite_Best%2Bof%2BElectronics_6_1.dealCard.OMU_INFINITE_E1YF2OWYF3ML&iid=6147f464-c784-47c8-8e23-2519fde1ba35.SMWGQ9K9ZZHAHFWE.SEARCH&ssid=gef82v9kww0000001717908195753
Fastrack FR1|1.39 inch Super UltraVU Display(360*360)|A...,/fastrack-fr1-1-39-inch-super-ultravu-display-360-360-advanced-bt-calling-split-screen-smartwatch/p/itmdcded97f5150e?pid=SMWGQ9K9STU2GC3G&lid=LSTSMWGQ9K9STU2GC3GYZDWPF&marketplace=FLIPKART&store=ajy%2Fbuh&srno=b_3_89&otracker=dynamic_omu_infinite_Best%2Bof%2BElectronics_6_1.dealCard.OMU_INFINITE_E1YF2OWYF3ML&iid=6147f464-c784-47c8-8e23-2519fde1ba35.SMWGQ9K9STU2GC3G.SEARCH&ssid=gef82v9kww0000001717908195753
Fastrack Reflex Curv with 2.5D Curve Display,AI Enabled...,/fastrack-reflex-curv-2-5d-curve-display-ai-enabled-coach-health-suite-5atm-smartwatch/p/itme8efc900fb8ca?pid=SMWGEFFHRCXMXJRU&lid=LSTSMWGEFFHRCXMXJRUN36F9Q&marketplace=FLIPKART&store=ajy%2Fbuh&srno=b_3_90&otracker=dynamic_omu_infinite_Best%2Bof%2BElectronics_6_1.dealCard.OMU_INFINITE_E1YF2OWYF3ML&iid=6147f464-c784-47c8-8e23-2519fde1ba35.SMWGEFFHRCXMXJRU.SEARCH&ssid=gef82v9kww0000001717908195753
Fastrack FR1|1.39 inch Super UltraVU Display(360*360)|A...,/fastrack-fr1-1-39-inch-super-ultravu-display-360-360-advanced-bt-calling-split-screen-smartwatch/p/itmad644ea156397?pid=SMWGPB6CUF35PXUX&lid=LSTSMWGPB6CUF35PXUXU1NP4H&marketplace=FLIPKART&store=ajy%2Fbuh&srno=b_3_91&otracker=dynamic_omu_infinite_Best%2Bof%2BElectronics_6_1.dealCard.OMU_INFINITE_E1YF2OWYF3ML&iid=6147f464-c784-47c8-8e23-2519fde1ba35.SMWGPB6CUF35PXUX.SEARCH&ssid=gef82v9kww0000001717908195753
Fastrack Reflex Vox with 1.69" Super Bright HD Display,...,/fastrack-reflex-vox-1-69-super-bright-hd-display-10-days-battery-5-atm-smartwatch/p/itmc8971eabcb684?pid=SMWGJZU8V2ZKUFTA&lid=LSTSMWGJZU8V2ZKUFTA2SGYU6&marketplace=FLIPKART&store=ajy%2Fbuh&srno=b_3_92&otracker=dynamic_omu_infinite_Best%2Bof%2BElectronics_6_1.dealCard.OMU_INFINITE_E1YF2OWYF3ML&iid=6147f464-c784-47c8-8e23-2519fde1ba35.SMWGJZU8V2ZKUFTA.SEARCH&ssid=gef82v9kww0000001717908195753
Fastrack Optimus with 1.43'' AMOLED Display with AOD(46...,/fastrack-optimus-1-43-amoled-display-aod-466x466-bt-calling-calculator-ip68-smartwatch/p/itmf0adc42c21559?pid=SMWGT3KQE2D8EUWG&lid=LSTSMWGT3KQE2D8EUWG75OVVU&marketplace=FLIPKART&store=ajy%2Fbuh&srno=b_3_93&otracker=dynamic_omu_infinite_Best%2Bof%2BElectronics_6_1.dealCard.OMU_INFINITE_E1YF2OWYF3ML&iid=6147f464-c784-47c8-8e23-2519fde1ba35.SMWGT3KQE2D8EUWG.SEARCH&ssid=gef82v9kww0000001717908195753
Fastrack Optimus Pro with 1.43" AMOLED Display & AOD(46...,/fastrack-optimus-pro-1-43-amoled-display-aod-466x466-functional-crown-bt-calling-smartwatch/p/itmc48d1f6bfd0f8?pid=SMWGV3ZYJXSJYKYP&lid=LSTSMWGV3ZYJXSJYKYP3FEGEQ&marketplace=FLIPKART&store=ajy%2Fbuh&srno=b_3_94&otracker=dynamic_omu_infinite_Best%2Bof%2BElectronics_6_1.dealCard.OMU_INFINITE_E1YF2OWYF3ML&iid=6147f464-c784-47c8-8e23-2519fde1ba35.SMWGV3ZYJXSJYKYP.SEARCH&ssid=gef82v9kww0000001717908195753
Fastrack FR1|1.39 inch Super UltraVU Display(360*360)|A...,/fastrack-fr1-1-39-inch-super-ultravu-display-360-360-advanced-bt-calling-split-screen-smartwatch/p/itmf51bca7622c48?pid=SMWGPB6AQGZ3RTTQ&lid=LSTSMWGPB6AQGZ3RTTQP5SODX&marketplace=FLIPKART&store=ajy%2Fbuh&srno=b_3_95&otracker=dynamic_omu_infinite_Best%2Bof%2BElectronics_6_1.dealCard.OMU_INFINITE_E1YF2OWYF3ML&iid=6147f464-c784-47c8-8e23-2519fde1ba35.SMWGPB6AQGZ3RTTQ.SEARCH&ssid=gef82v9kww0000001717908195753
Fastrack Reflex Hello 1.69 HD Display BT Calling AI Voi...,/fastrack-reflex-hello-1-69-hd-display-bt-calling-ai-voice-50-sport-smartwatch/p/itmfccd1b13004ed?pid=SMWGKHZJKYYUGN9X&lid=LSTSMWGKHZJKYYUGN9XXTNO1F&marketplace=FLIPKART&store=ajy%2Fbuh&srno=b_3_96&otracker=dynamic_omu_infinite_Best%2Bof%2BElectronics_6_1.dealCard.OMU_INFINITE_E1YF2OWYF3ML&iid=6147f464-c784-47c8-8e23-2519fde1ba35.SMWGKHZJKYYUGN9X.SEARCH&ssid=gef82v9kww0000001717908195753
Fastrack Reflex Curv with 2.5D Curve Display,AI Enabled...,/fastrack-reflex-curv-2-5d-curve-display-ai-enabled-coach-health-suite-5atm-smartwatch/p/itm11870da869995?pid=SMWGEFFHEWP3YB5U&lid=LSTSMWGEFFHEWP3YB5UNEFB2L&marketplace=FLIPKART&store=ajy%2Fbuh&srno=b_3_97&otracker=dynamic_omu_infinite_Best%2Bof%2BElectronics_6_1.dealCard.OMU_INFINITE_E1YF2OWYF3ML&iid=6147f464-c784-47c8-8e23-2519fde1ba35.SMWGEFFHEWP3YB5U.SEARCH&ssid=gef82v9kww0000001717908195753
Fastrack Reflex Vox with 1.69" Super Bright HD Display,...,/fastrack-reflex-vox-1-69-super-bright-hd-display-10-days-battery-5-atm-smartwatch/p/itmf875f45c2253d?pid=SMWGJZU8AXSYHQ8H&lid=LSTSMWGJZU8AXSYHQ8HFROPHH&marketplace=FLIPKART&store=ajy%2Fbuh&srno=b_3_98&otracker=dynamic_omu_infinite_Best%2Bof%2BElectronics_6_1.dealCard.OMU_INFINITE_E1YF2OWYF3ML&iid=6147f464-c784-47c8-8e23-2519fde1ba35.SMWGJZU8AXSYHQ8H.SEARCH&ssid=gef82v9kww0000001717908195753
Fastrack Optimus with 1.43'' AMOLED Display with AOD(46...,/fastrack-optimus-1-43-amoled-display-aod-466x466-bt-calling-calculator-ip68-smartwatch/p/itm98172e5742a52?pid=SMWGT3KQDS9MYXRE&lid=LSTSMWGT3KQDS9MYXRELKNO1S&marketplace=FLIPKART&store=ajy%2Fbuh&srno=b_3_99&otracker=dynamic_omu_infinite_Best%2Bof%2BElectronics_6_1.dealCard.OMU_INFINITE_E1YF2OWYF3ML&iid=6147f464-c784-47c8-8e23-2519fde1ba35.SMWGT3KQDS9MYXRE.SEARCH&ssid=gef82v9kww0000001717908195753
Fastrack Revoltt FR1 Pro|1.3Inch AMOLED display with 60...,/fastrack-revoltt-fr1-pro-1-3inch-amoled-display-600-nits-advanced-bt-calling-chipset-smartwatch/p/itmb35d0b0c50d5d?pid=SMWGTF3BFRFFRNUB&lid=LSTSMWGTF3BFRFFRNUBAAOQET&marketplace=FLIPKART&store=ajy%2Fbuh&srno=b_3_100&otracker=dynamic_omu_infinite_Best%2Bof%2BElectronics_6_1.dealCard.OMU_INFINITE_E1YF2OWYF3ML&iid=6147f464-c784-47c8-8e23-2519fde1ba35.SMWGTF3BFRFFRNUB.SEARCH&ssid=gef82v9kww0000001717908195753
Fastrack Revoltt FR1 Pro|1.3Inch AMOLED display with 60...,/fastrack-revoltt-fr1-pro-1-3inch-amoled-display-600-nits-advanced-bt-calling-chipset-smartwatch/p/itm001febd7982a6?pid=SMWGTF3BKUBQHEUV&lid=LSTSMWGTF3BKUBQHEUVWB2BKI&marketplace=FLIPKART&store=ajy%2Fbuh&srno=b_3_101&otracker=dynamic_omu_infinite_Best%2Bof%2BElectronics_6_1.dealCard.OMU_INFINITE_E1YF2OWYF3ML&iid=6147f464-c784-47c8-8e23-2519fde1ba35.SMWGTF3BKUBQHEUV.SEARCH&ssid=gef82v9kww0000001717908195753
Fastrack Revoltt FR1 Pro|1.3Inch AMOLED display with 60...,/fastrack-revoltt-fr1-pro-1-3inch-amoled-display-600-nits-advanced-bt-calling-chipset-smartwatch/p/itmebb1b3d866d67?pid=SMWGPB6YUE6J8FWG&lid=LSTSMWGPB6YUE6J8FWGDHREYK&marketplace=FLIPKART&store=ajy%2Fbuh&srno=b_3_102&otracker=dynamic_omu_infinite_Best%2Bof%2BElectronics_6_1.dealCard.OMU_INFINITE_E1YF2OWYF3ML&iid=6147f464-c784-47c8-8e23-2519fde1ba35.SMWGPB6YUE6J8FWG.SEARCH&ssid=gef82v9kww0000001717908195753
Fastrack Revoltt FS1 Max|Biggest 1.95'' UltraVU Curve D...,/fastrack-revoltt-fs1-max-biggest-1-95-ultravu-curve-display-bt-calling-100-multisports-smartwatch/p/itm3a48991fffb22?pid=SMWGQ4XHYZV6JRUF&lid=LSTSMWGQ4XHYZV6JRUFQYSTBN&marketplace=FLIPKART&store=ajy%2Fbuh&srno=b_3_103&otracker=dynamic_omu_infinite_Best%2Bof%2BElectronics_6_1.dealCard.OMU_INFINITE_E1YF2OWYF3ML&iid=6147f464-c784-47c8-8e23-2519fde1ba35.SMWGQ4XHYZV6JRUF.SEARCH&ssid=gef82v9kww0000001717908195753
Fastrack FR1|1.39 inch Super UltraVU Display(360*360)|A...,/fastrack-fr1-1-39-inch-super-ultravu-display-360-360-advanced-bt-calling-split-screen-smartwatch/p/itm16d14382393d2?pid=SMWGPB6ATM4TYJZR&lid=LSTSMWGPB6ATM4TYJZRHRCPPN&marketplace=FLIPKART&store=ajy%2Fbuh&srno=b_3_104&otracker=dynamic_omu_infinite_Best%2Bof%2BElectronics_6_1.dealCard.OMU_INFINITE_E1YF2OWYF3ML&iid=6147f464-c784-47c8-8e23-2519fde1ba35.SMWGPB6ATM4TYJZR.SEARCH&ssid=gef82v9kww0000001717908195753
Fastrack Revoltt X|1.83'' HD Display|SingleSync BT Call...,/fastrack-revoltt-x-1-83-hd-display-singlesync-bt-calling-advanced-chipset-calculator-smartwatch/p/itm053fef2506b41?pid=SMWGTMYYF8EDHCQQ&lid=LSTSMWGTMYYF8EDHCQQLCAYFF&marketplace=FLIPKART&store=ajy%2Fbuh&srno=b_3_105&otracker=dynamic_omu_infinite_Best%2Bof%2BElectronics_6_1.dealCard.OMU_INFINITE_E1YF2OWYF3ML&iid=6147f464-c784-47c8-8e23-2519fde1ba35.SMWGTMYYF8EDHCQQ.SEARCH&ssid=gef82v9kww0000001717908195753
Fastrack FR1|1.39 inch Super UltraVU Display(360*360)|A...,/fastrack-fr1-1-39-inch-super-ultravu-display-360-360-advanced-bt-calling-split-screen-smartwatch/p/itm4a6e892fddf4d?pid=SMWGQ9K9BSA4DRVH&lid=LSTSMWGQ9K9BSA4DRVHKG2BVT&marketplace=FLIPKART&store=ajy%2Fbuh&srno=b_3_106&otracker=dynamic_omu_infinite_Best%2Bof%2BElectronics_6_1.dealCard.OMU_INFINITE_E1YF2OWYF3ML&iid=6147f464-c784-47c8-8e23-2519fde1ba35.SMWGQ9K9BSA4DRVH.SEARCH&ssid=gef82v9kww0000001717908195753
Fastrack Revoltt FR1 Pro|1.3Inch AMOLED display with 60...,/fastrack-revoltt-fr1-pro-1-3inch-amoled-display-600-nits-advanced-bt-calling-chipset-smartwatch/p/itm54cbeb666ce82?pid=SMWGTF3BGZ5M6RHV&lid=LSTSMWGTF3BGZ5M6RHVAN5K72&marketplace=FLIPKART&store=ajy%2Fbuh&srno=b_3_107&otracker=dynamic_omu_infinite_Best%2Bof%2BElectronics_6_1.dealCard.OMU_INFINITE_E1YF2OWYF3ML&iid=6147f464-c784-47c8-8e23-2519fde1ba35.SMWGTF3BGZ5M6RHV.SEARCH&ssid=gef82v9kww0000001717908195753
Fastrack Reflex Hello 1.69 HD Display BT Calling AI Voi...,/fastrack-reflex-hello-1-69-hd-display-bt-calling-ai-voice-50-sport-smartwatch/p/itmab531d64bbe41?pid=SMWGHEZRRJVZSFZ7&lid=LSTSMWGHEZRRJVZSFZ7FBPG74&marketplace=FLIPKART&store=ajy%2Fbuh&srno=b_3_108&otracker=dynamic_omu_infinite_Best%2Bof%2BElectronics_6_1.dealCard.OMU_INFINITE_E1YF2OWYF3ML&iid=6147f464-c784-47c8-8e23-2519fde1ba35.SMWGHEZRRJVZSFZ7.SEARCH&ssid=gef82v9kww0000001717908195753
Fastrack Revoltt FR1 Pro|1.3Inch AMOLED display with 60...,/fastrack-revoltt-fr1-pro-1-3inch-amoled-display-600-nits-advanced-bt-calling-chipset-smartwatch/p/itmad6e9daf5d988?pid=SMWGTF3BXGEURDSU&lid=LSTSMWGTF3BXGEURDSUJOILEW&marketplace=FLIPKART&store=ajy%2Fbuh&srno=b_3_109&otracker=dynamic_omu_infinite_Best%2Bof%2BElectronics_6_1.dealCard.OMU_INFINITE_E1YF2OWYF3ML&iid=6147f464-c784-47c8-8e23-2519fde1ba35.SMWGTF3BXGEURDSU.SEARCH&ssid=gef82v9kww0000001717908195753
Fastrack Reflex Vox 2 with Large 1.8" HD Display, BT Ca...,/fastrack-reflex-vox-2-large-1-8-hd-display-bt-calling-music-storage-tws-connect-smartwatch/p/itm27c480e0f9dcc?pid=SMWGKQFJYYQK3JZ8&lid=LSTSMWGKQFJYYQK3JZ8MC3RRZ&marketplace=FLIPKART&store=ajy%2Fbuh&srno=b_3_110&otracker=dynamic_omu_infinite_Best%2Bof%2BElectronics_6_1.dealCard.OMU_INFINITE_E1YF2OWYF3ML&iid=6147f464-c784-47c8-8e23-2519fde1ba35.SMWGKQFJYYQK3JZ8.SEARCH&ssid=gef82v9kww0000001717908195753
Fastrack Revoltt Z1 with 1.91'' UltraVU HD Display|700 ...,/fastrack-revoltt-z1-1-91-ultravu-hd-display-700-nits-bt-calling-advanced-chipset-smartwatch/p/itm02e2ec16c5009?pid=SMWGTERBKZ69TQET&lid=LSTSMWGTERBKZ69TQETFE9ZNQ&marketplace=FLIPKART&store=ajy%2Fbuh&srno=b_3_111&otracker=dynamic_omu_infinite_Best%2Bof%2BElectronics_6_1.dealCard.OMU_INFINITE_E1YF2OWYF3ML&iid=6147f464-c784-47c8-8e23-2519fde1ba35.SMWGTERBKZ69TQET.SEARCH&ssid=gef82v9kww0000001717908195753
Fastrack Revoltt FR1 Pro|1.3Inch AMOLED display with 60...,/fastrack-revoltt-fr1-pro-1-3inch-amoled-display-600-nits-advanced-bt-calling-chipset-smartwatch/p/itmb828543b619f1?pid=SMWGTF3BEGJUZG6B&lid=LSTSMWGTF3BEGJUZG6BVHZNXB&marketplace=FLIPKART&store=ajy%2Fbuh&srno=b_3_112&otracker=dynamic_omu_infinite_Best%2Bof%2BElectronics_6_1.dealCard.OMU_INFINITE_E1YF2OWYF3ML&iid=6147f464-c784-47c8-8e23-2519fde1ba35.SMWGTF3BEGJUZG6B.SEARCH&ssid=gef82v9kww0000001717908195753
Fastrack Reflex Vybe 1.5 HD Display|50+ Sports Mode|BP ...,/fastrack-reflex-vybe-1-5-hd-display-50-sports-mode-bp-monitor-game-smartwatch/p/itm81f2beabd7c83?pid=SMWGHENHKTJSGNQT&lid=LSTSMWGHENHKTJSGNQTC8JHGY&marketplace=FLIPKART&store=ajy%2Fbuh&srno=b_3_113&otracker=dynamic_omu_infinite_Best%2Bof%2BElectronics_6_1.dealCard.OMU_INFINITE_E1YF2OWYF3ML&iid=6147f464-c784-47c8-8e23-2519fde1ba35.SMWGHENHKTJSGNQT.SEARCH&ssid=gef82v9kww0000001717908195753
Fastrack Reflex Hello 1.69 HD Display BT Calling AI Voi...,/fastrack-reflex-hello-1-69-hd-display-bt-calling-ai-voice-50-sport-smartwatch/p/itm32061c86813f7?pid=SMWGHEZRCTGYAT7Q&lid=LSTSMWGHEZRCTGYAT7QM0XHDU&marketplace=FLIPKART&store=ajy%2Fbuh&srno=b_3_114&otracker=dynamic_omu_infinite_Best%2Bof%2BElectronics_6_1.dealCard.OMU_INFINITE_E1YF2OWYF3ML&iid=6147f464-c784-47c8-8e23-2519fde1ba35.SMWGHEZRCTGYAT7Q.SEARCH&ssid=gef82v9kww0000001717908195753
Fastrack Reflex Vox with 1.69" Super Bright HD Display,...,/fastrack-reflex-vox-1-69-super-bright-hd-display-10-days-battery-5-atm-smartwatch/p/itm5040656633121?pid=SMWGJZU8ETYUXWFN&lid=LSTSMWGJZU8ETYUXWFNAVEBGI&marketplace=FLIPKART&store=ajy%2Fbuh&srno=b_3_115&otracker=dynamic_omu_infinite_Best%2Bof%2BElectronics_6_1.dealCard.OMU_INFINITE_E1YF2OWYF3ML&iid=6147f464-c784-47c8-8e23-2519fde1ba35.SMWGJZU8ETYUXWFN.SEARCH&ssid=gef82v9kww0000001717908195753
Fastrack Reflex Vox with 1.69" Super Bright HD Display,...,/fastrack-reflex-vox-1-69-super-bright-hd-display-10-days-battery-5-atm-smartwatch/p/itm7790d415d4adf?pid=SMWGJZU8FBHKQ8RH&lid=LSTSMWGJZU8FBHKQ8RHCL7WSE&marketplace=FLIPKART&store=ajy%2Fbuh&srno=b_3_116&otracker=dynamic_omu_infinite_Best%2Bof%2BElectronics_6_1.dealCard.OMU_INFINITE_E1YF2OWYF3ML&iid=6147f464-c784-47c8-8e23-2519fde1ba35.SMWGJZU8FBHKQ8RH.SEARCH&ssid=gef82v9kww0000001717908195753
Fastrack Reflex Play, AMOLED,1.3" Always On Display,Pre...,/fastrack-reflex-play-amoled-1-3-always-display-premium-metal-frame-ip68-smartwatch/p/itmbbc4a9572b022?pid=SMWGJZTYFX9YJXM9&lid=LSTSMWGJZTYFX9YJXM9LLTFL4&marketplace=FLIPKART&store=ajy%2Fbuh&srno=b_3_117&otracker=dynamic_omu_infinite_Best%2Bof%2BElectronics_6_1.dealCard.OMU_INFINITE_E1YF2OWYF3ML&iid=6147f464-c784-47c8-8e23-2519fde1ba35.SMWGJZTYFX9YJXM9.SEARCH&ssid=gef82v9kww0000001717908195753
Fastrack Reflex Vybe 1.5 HD Display|50+ Sports Mode|BP ...,/fastrack-reflex-vybe-1-5-hd-display-50-sports-mode-bp-monitor-game-smartwatch/p/itm1fbf9f7a11cd4?pid=SMWGHENH7HDHHDJF&lid=LSTSMWGHENH7HDHHDJFK20L3W&marketplace=FLIPKART&store=ajy%2Fbuh&srno=b_3_118&otracker=dynamic_omu_infinite_Best%2Bof%2BElectronics_6_1.dealCard.OMU_INFINITE_E1YF2OWYF3ML&iid=6147f464-c784-47c8-8e23-2519fde1ba35.SMWGHENH7HDHHDJF.SEARCH&ssid=gef82v9kww0000001717908195753
Fastrack Reflex Vybe 1.5 HD Display|50+ Sports Mode|BP ...,/fastrack-reflex-vybe-1-5-hd-display-50-sports-mode-bp-monitor-game-smartwatch/p/itm411e87a3a8306?pid=SMWGHENHVDPJJH95&lid=LSTSMWGHENHVDPJJH95MMR8CD&marketplace=FLIPKART&store=ajy%2Fbuh&srno=b_3_119&otracker=dynamic_omu_infinite_Best%2Bof%2BElectronics_6_1.dealCard.OMU_INFINITE_E1YF2OWYF3ML&iid=6147f464-c784-47c8-8e23-2519fde1ba35.SMWGHENHVDPJJH95.SEARCH&ssid=gef82v9kww0000001717908195753
Fastrack Revoltt FS1 Max|Biggest 1.95'' UltraVU Curve D...,/fastrack-revoltt-fs1-max-biggest-1-95-ultravu-curve-display-bt-calling-100-multisports-smartwatch/p/itm4c4c7f3f379c4?pid=SMWGTGANFPFAFW3Z&lid=LSTSMWGTGANFPFAFW3ZCBM7OW&marketplace=FLIPKART&store=ajy%2Fbuh&srno=b_3_120&otracker=dynamic_omu_infinite_Best%2Bof%2BElectronics_6_1.dealCard.OMU_INFINITE_E1YF2OWYF3ML&iid=6147f464-c784-47c8-8e23-2519fde1ba35.SMWGTGANFPFAFW3Z.SEARCH&ssid=gef82v9kww0000001717908195753
Fastrack Reflex Vox 2 with Large 1.8" HD Display, BT Ca...,/fastrack-reflex-vox-2-large-1-8-hd-display-bt-calling-music-storage-tws-connect-smartwatch/p/itm428b18c430b8d?pid=SMWGKQFJ8BZVDANP&lid=LSTSMWGKQFJ8BZVDANPVDLLRO&marketplace=FLIPKART&store=ajy%2Fbuh&srno=b_4_121&otracker=dynamic_omu_infinite_Best%2Bof%2BElectronics_6_1.dealCard.OMU_INFINITE_E1YF2OWYF3ML&iid=933fc4d7-5d05-4319-8f5c-f1bc880a2e54.SMWGKQFJ8BZVDANP.SEARCH&ssid=iknto1qn9c0000001717908196869
Fastrack Rogue 1.38" HD Display,Functional Crown,BT Cal...,/fastrack-rogue-1-38-hd-display-functional-crown-bt-calling-advanced-chipset-rugged-smartwatch/p/itm3feb7a566f8b7?pid=SMWGVGBC6YHJGDWZ&lid=LSTSMWGVGBC6YHJGDWZ7LF0MI&marketplace=FLIPKART&store=ajy%2Fbuh&srno=b_4_122&otracker=dynamic_omu_infinite_Best%2Bof%2BElectronics_6_1.dealCard.OMU_INFINITE_E1YF2OWYF3ML&iid=933fc4d7-5d05-4319-8f5c-f1bc880a2e54.SMWGVGBC6YHJGDWZ.SEARCH&ssid=iknto1qn9c0000001717908196869
Fastrack Nitro Pro 1.85" AMOLED Display with AOD (390x4...,/fastrack-nitro-pro-1-85-amoled-display-aod-390x450-functional-crown-bt-calling-smartwatch/p/itm4f5c78bbb8f37?pid=SMWGVGBCA97RXGU2&lid=LSTSMWGVGBCA97RXGU2GYIVPW&marketplace=FLIPKART&store=ajy%2Fbuh&srno=b_4_123&otracker=dynamic_omu_infinite_Best%2Bof%2BElectronics_6_1.dealCard.OMU_INFINITE_E1YF2OWYF3ML&iid=933fc4d7-5d05-4319-8f5c-f1bc880a2e54.SMWGVGBCA97RXGU2.SEARCH&ssid=iknto1qn9c0000001717908196869
Fastrack Active 1.83" HD Display,Functional Crown,BT Ca...,/fastrack-active-1-83-hd-display-functional-crown-bt-calling-advanced-chipset-rugged-smartwatch/p/itm5fa4eba62e9d7?pid=SMWGVGBCFGP3DUZX&lid=LSTSMWGVGBCFGP3DUZXTPILK4&marketplace=FLIPKART&store=ajy%2Fbuh&srno=b_4_124&otracker=dynamic_omu_infinite_Best%2Bof%2BElectronics_6_1.dealCard.OMU_INFINITE_E1YF2OWYF3ML&iid=933fc4d7-5d05-4319-8f5c-f1bc880a2e54.SMWGVGBCFGP3DUZX.SEARCH&ssid=iknto1qn9c0000001717908196869
Fastrack Rogue 1.38" HD Display,Functional Crown,BT Cal...,/fastrack-rogue-1-38-hd-display-functional-crown-bt-calling-advanced-chipset-rugged-smartwatch/p/itm300742544d61a?pid=SMWGVGBCFYQGSJCH&lid=LSTSMWGVGBCFYQGSJCHQY7AQN&marketplace=FLIPKART&store=ajy%2Fbuh&srno=b_4_125&otracker=dynamic_omu_infinite_Best%2Bof%2BElectronics_6_1.dealCard.OMU_INFINITE_E1YF2OWYF3ML&iid=933fc4d7-5d05-4319-8f5c-f1bc880a2e54.SMWGVGBCFYQGSJCH.SEARCH&ssid=iknto1qn9c0000001717908196869
Fastrack Revoltt X2 with 1.91' BT Calling|Rotating Crow...,/fastrack-revoltt-x2-1-91-bt-calling-rotating-crown-60-hz-refresh-rate-fast-charge-smartwatch/p/itm47323d28cb5bc?pid=SMWHY8YMBKBG6EMH&lid=LSTSMWHY8YMBKBG6EMH691OHN&marketplace=FLIPKART&store=ajy%2Fbuh&srno=b_4_126&otracker=dynamic_omu_infinite_Best%2Bof%2BElectronics_6_1.dealCard.OMU_INFINITE_E1YF2OWYF3ML&iid=933fc4d7-5d05-4319-8f5c-f1bc880a2e54.SMWHY8YMBKBG6EMH.SEARCH&ssid=iknto1qn9c0000001717908196869
Fastrack Revoltt X2 with 1.91' BT Calling|Rotating Crow...,/fastrack-revoltt-x2-1-91-bt-calling-rotating-crown-60-hz-refresh-rate-fast-charge-smartwatch/p/itm7e3f07091917c?pid=SMWHY8YMYGA3SNHA&lid=LSTSMWHY8YMYGA3SNHAC0BJDL&marketplace=FLIPKART&store=ajy%2Fbuh&srno=b_4_127&otracker=dynamic_omu_infinite_Best%2Bof%2BElectronics_6_1.dealCard.OMU_INFINITE_E1YF2OWYF3ML&iid=933fc4d7-5d05-4319-8f5c-f1bc880a2e54.SMWHY8YMYGA3SNHA.SEARCH&ssid=iknto1qn9c0000001717908196869
Fastrack Revoltt X2 with 1.91' BT Calling|Rotating Crow...,/fastrack-revoltt-x2-1-91-bt-calling-rotating-crown-60-hz-refresh-rate-fast-charge-smartwatch/p/itmae90497027756?pid=SMWHY8YMQJP2SKTD&lid=LSTSMWHY8YMQJP2SKTDTAEPJX&marketplace=FLIPKART&store=ajy%2Fbuh&srno=b_4_128&otracker=dynamic_omu_infinite_Best%2Bof%2BElectronics_6_1.dealCard.OMU_INFINITE_E1YF2OWYF3ML&iid=933fc4d7-5d05-4319-8f5c-f1bc880a2e54.SMWHY8YMQJP2SKTD.SEARCH&ssid=iknto1qn9c0000001717908196869
Fastrack Revoltt X2 with 1.91' BT Calling|Rotating Crow...,/fastrack-revoltt-x2-1-91-bt-calling-rotating-crown-60-hz-refresh-rate-fast-charge-smartwatch/p/itmd71047e7afeea?pid=SMWHY8YMV5CPBZDD&lid=LSTSMWHY8YMV5CPBZDDFF8WS4&marketplace=FLIPKART&store=ajy%2Fbuh&srno=b_4_129&otracker=dynamic_omu_infinite_Best%2Bof%2BElectronics_6_1.dealCard.OMU_INFINITE_E1YF2OWYF3ML&iid=933fc4d7-5d05-4319-8f5c-f1bc880a2e54.SMWHY8YMV5CPBZDD.SEARCH&ssid=iknto1qn9c0000001717908196869
Fastrack Rogue 1.38" HD Display,Functional Crown,BT Cal...,/fastrack-rogue-1-38-hd-display-functional-crown-bt-calling-advanced-chipset-rugged-smartwatch/p/itm3b2c0d1712db2?pid=SMWGVGBCTYAFKHG2&lid=LSTSMWGVGBCTYAFKHG2QRBUKF&marketplace=FLIPKART&store=ajy%2Fbuh&srno=b_4_130&otracker=dynamic_omu_infinite_Best%2Bof%2BElectronics_6_1.dealCard.OMU_INFINITE_E1YF2OWYF3ML&iid=933fc4d7-5d05-4319-8f5c-f1bc880a2e54.SMWGVGBCTYAFKHG2.SEARCH&ssid=iknto1qn9c0000001717908196869
Fastrack Active Pro 1.85" AMOLED Display&AOD(390x450),F...,/fastrack-active-pro-1-85-amoled-display-aod-390x450-functional-crown-bt-calling-rugged-smartwatch/p/itm5b93d55d2e038?pid=SMWGVGBCFKDMVANQ&lid=LSTSMWGVGBCFKDMVANQVT9Y46&marketplace=FLIPKART&store=ajy%2Fbuh&srno=b_4_131&otracker=dynamic_omu_infinite_Best%2Bof%2BElectronics_6_1.dealCard.OMU_INFINITE_E1YF2OWYF3ML&iid=933fc4d7-5d05-4319-8f5c-f1bc880a2e54.SMWGVGBCFKDMVANQ.SEARCH&ssid=iknto1qn9c0000001717908196869
Fastrack Rogue 1.38" HD Display,Functional Crown,BT Cal...,/fastrack-rogue-1-38-hd-display-functional-crown-bt-calling-advanced-chipset-rugged-smartwatch/p/itm48e5a3d32fa6f?pid=SMWGVGBCY5EN9FQF&lid=LSTSMWGVGBCY5EN9FQFOPYWNM&marketplace=FLIPKART&store=ajy%2Fbuh&srno=b_4_132&otracker=dynamic_omu_infinite_Best%2Bof%2BElectronics_6_1.dealCard.OMU_INFINITE_E1YF2OWYF3ML&iid=933fc4d7-5d05-4319-8f5c-f1bc880a2e54.SMWGVGBCY5EN9FQF.SEARCH&ssid=iknto1qn9c0000001717908196869
Fastrack Reflex Beat+ 1.69 inch UltraVU Display|500 Nit...,/fastrack-reflex-beat-1-69-inch-ultravu-display-500-nits-60-sports-modes-100-watchfaces-smartwatch/p/itma6e02721c87c6?pid=SMWGQHDZ65JHEH5T&lid=LSTSMWGQHDZ65JHEH5TZUDWB0&marketplace=FLIPKART&store=ajy%2Fbuh&srno=b_4_133&otracker=dynamic_omu_infinite_Best%2Bof%2BElectronics_6_1.dealCard.OMU_INFINITE_E1YF2OWYF3ML&iid=933fc4d7-5d05-4319-8f5c-f1bc880a2e54.SMWGQHDZ65JHEH5T.SEARCH&ssid=iknto1qn9c0000001717908196869
Fastrack Reflex Watch Smartwatch,/fastrack-reflex-watch-smartwatch/p/itmc80e3f4aa00dc?pid=SMWGEHHFHYUMXPHN&lid=LSTSMWGEHHFHYUMXPHNHFDI8Q&marketplace=FLIPKART&store=ajy%2Fbuh&srno=b_4_134&otracker=dynamic_omu_infinite_Best%2Bof%2BElectronics_6_1.dealCard.OMU_INFINITE_E1YF2OWYF3ML&iid=933fc4d7-5d05-4319-8f5c-f1bc880a2e54.SMWGEHHFHYUMXPHN.SEARCH&ssid=iknto1qn9c0000001717908196869
Fastrack Reflex Watch Smartwatch,/fastrack-reflex-watch-smartwatch/p/itm5830b9a73cb78?pid=SMWGEHHFWZPBGUAQ&lid=LSTSMWGEHHFWZPBGUAQYGWEX9&marketplace=FLIPKART&store=ajy%2Fbuh&srno=b_4_135&otracker=dynamic_omu_infinite_Best%2Bof%2BElectronics_6_1.dealCard.OMU_INFINITE_E1YF2OWYF3ML&iid=933fc4d7-5d05-4319-8f5c-f1bc880a2e54.SMWGEHHFWZPBGUAQ.SEARCH&ssid=iknto1qn9c0000001717908196869
Fastrack Reflex Play, AMOLED,1.3" Always On Display,Pre...,/fastrack-reflex-play-amoled-1-3-always-display-premium-metal-frame-ip68-smartwatch/p/itm973e021257a36?pid=SMWGJZTYGFMZ8GAB&lid=LSTSMWGJZTYGFMZ8GABZGKTFN&marketplace=FLIPKART&store=ajy%2Fbuh&srno=b_4_136&otracker=dynamic_omu_infinite_Best%2Bof%2BElectronics_6_1.dealCard.OMU_INFINITE_E1YF2OWYF3ML&iid=933fc4d7-5d05-4319-8f5c-f1bc880a2e54.SMWGJZTYGFMZ8GAB.SEARCH&ssid=iknto1qn9c0000001717908196869
Fastrack Reflex Play, AMOLED,1.3" Always On Display,Pre...,/fastrack-reflex-play-amoled-1-3-always-display-premium-metal-frame-ip68-smartwatch/p/itmfe66280da0b03?pid=SMWGJZTY4ZZSBH5A&lid=LSTSMWGJZTY4ZZSBH5ADSFXMJ&marketplace=FLIPKART&store=ajy%2Fbuh&srno=b_4_137&otracker=dynamic_omu_infinite_Best%2Bof%2BElectronics_6_1.dealCard.OMU_INFINITE_E1YF2OWYF3ML&iid=933fc4d7-5d05-4319-8f5c-f1bc880a2e54.SMWGJZTY4ZZSBH5A.SEARCH&ssid=iknto1qn9c0000001717908196869
Fastrack Reflex Play, AMOLED,1.3" Always On Display,Pre...,/fastrack-reflex-play-amoled-1-3-always-display-premium-metal-frame-ip68-smartwatch/p/itm2c768c1553f86?pid=SMWGJZTYQGKWVESK&lid=LSTSMWGJZTYQGKWVESKP2TRFT&marketplace=FLIPKART&store=ajy%2Fbuh&srno=b_4_138&otracker=dynamic_omu_infinite_Best%2Bof%2BElectronics_6_1.dealCard.OMU_INFINITE_E1YF2OWYF3ML&iid=933fc4d7-5d05-4319-8f5c-f1bc880a2e54.SMWGJZTYQGKWVESK.SEARCH&ssid=iknto1qn9c0000001717908196869
Fastrack Reflex Watch Smartwatch,/fastrack-reflex-watch-smartwatch/p/itmc26fb4dd3722f?pid=SMWGEHHFZMNH9SYY&lid=LSTSMWGEHHFZMNH9SYY4QEOYW&marketplace=FLIPKART&store=ajy%2Fbuh&srno=b_4_139&otracker=dynamic_omu_infinite_Best%2Bof%2BElectronics_6_1.dealCard.OMU_INFINITE_E1YF2OWYF3ML&iid=933fc4d7-5d05-4319-8f5c-f1bc880a2e54.SMWGEHHFZMNH9SYY.SEARCH&ssid=iknto1qn9c0000001717908196869
Fastrack Reflex Hello Smart Watch Smartwatch,/fastrack-reflex-hello-smart-watch-smartwatch/p/itme272d7584ac07?pid=SMWGQGZTZYZDS5ZH&lid=LSTSMWGQGZTZYZDS5ZHLO3STT&marketplace=FLIPKART&store=ajy%2Fbuh&srno=b_4_140&otracker=dynamic_omu_infinite_Best%2Bof%2BElectronics_6_1.dealCard.OMU_INFINITE_E1YF2OWYF3ML&iid=933fc4d7-5d05-4319-8f5c-f1bc880a2e54.SMWGQGZTZYZDS5ZH.SEARCH&ssid=iknto1qn9c0000001717908196869
Fastrack Solid Reflex Smart Watch Smartwatch,/fastrack-solid-reflex-smart-watch-smartwatch/p/itmc26fb4dd3722f?pid=SMWGQGPYHVH5B2P4&lid=LSTSMWGQGPYHVH5B2P4Y47CJL&marketplace=FLIPKART&store=ajy%2Fbuh&srno=b_4_141&otracker=dynamic_omu_infinite_Best%2Bof%2BElectronics_6_1.dealCard.OMU_INFINITE_E1YF2OWYF3ML&iid=933fc4d7-5d05-4319-8f5c-f1bc880a2e54.SMWGQGPYHVH5B2P4.SEARCH&ssid=iknto1qn9c0000001717908196869
Fastrack Reflex Vox 2 Smart Watch Smartwatch,/fastrack-reflex-vox-2-smart-watch-smartwatch/p/itm428b18c430b8d?pid=SMWGQGPYYNZNPGBX&lid=LSTSMWGQGPYYNZNPGBXEAAWIP&marketplace=FLIPKART&store=ajy%2Fbuh&srno=b_4_142&otracker=dynamic_omu_infinite_Best%2Bof%2BElectronics_6_1.dealCard.OMU_INFINITE_E1YF2OWYF3ML&iid=933fc4d7-5d05-4319-8f5c-f1bc880a2e54.SMWGQGPYYNZNPGBX.SEARCH&ssid=iknto1qn9c0000001717908196869
