title,price
Daikin 1.5 Ton 3 Star Inverter Split AC (Copper. PM 2.5 Filter. Triple Display. Dew Clean Technology. Coanda Airflow. 2023 Model. MTKL50U. White),₹36.990
Daikin 1.5 Ton 5 Star Inverter Split AC (Copper. PM 2.5 Filter. 2023 Model. MTKM50U. White),₹45.490
Lloyd 1.0 Ton 5 Star Inverter Split AC (5 in 1 Convertible. Copper. Anti-Viral + PM 2.5 Filter. 2023 Model. White with Chrome Deco Strip. GLS12I5FWBEV),₹34.490
Daikin 0.8 Ton 3 Star. Fixed Speed Split AC (Copper. PM 2.5 Filter. 2022 Model. FTL28U. White),Null
Voltas 1.4 Ton 3 Star Inverter Split AC(Copper. Adjustable Cooling. Anti-dust Filter. 2023 Model. 173V Vectra Platina. White),₹30.490
Daikin 1 Ton 3 Star Inverter Split AC (Copper. PM 2.5 Filter. 2023 Model. MTKL35UV16. White),₹32.990
Lloyd 1.0 Ton 3 Star Inverter Split AC (5 in 1 Convertible. Copper. Anti-Viral + PM 2.5 Filter. 2023 Model. White with Chrome Deco Strip. GLS12I3FWAEV/WAEA),Null
Voltas 1.5 Ton 3 Star. Fixed Speed Window AC (Copper. Turbo Mode. 2023 Model. 183 Vectra Pearl. White),Null
Godrej 1 Ton 3 Star. 5-In-1 Convertible Cooling. Inverter Split AC (Copper. I-Sense Technology. 2023 Model. AC 1T EI 12TINV3R32-GWA Split. White),₹28.990
Daikin 1 Ton 5 Star Inverter Split AC (Copper. PM 2.5 Filter. 2022 Model. MTKM35U. White),₹38.990
Carrier 1 Ton 3 Star AI Flexicool Inverter Split AC (Copper. Convertible 4-in-1 Cooling.Dual Filtration with HD & PM 2.5 Filter. Auto Cleanser. 2023 Model.ESTER Exi - CAI12ER3R33F0.White),₹29.990
Voltas 1.5 Ton 3 Star. Inverter Split AC(Copper. 4-in-1 Adjustable Mode. Anti-dust Filter. 2023 Model. 183V Vectra Pride. White),Null
Godrej 1.5 Ton 3 Star. Turbo Mode. Window AC (Copper. Anti Corrosive Blue Fin. 2023 Model. AC 1.5T WFC 18UTC3-WWA Window. White),Null
Cruise 1 Ton 3 Star Inverter Split AC with 7-Stage Air Filtration (100% Copper. Auto Convertible. PM 2.5 Filter. 2024 Model. CWCVBH-VQ1W123. White),Null
Voltas 1.5 Ton 5 Star. Inverter Split AC(Copper. 4-in-1 Adjustable Mode. Anti-dust Filter. 2023 Model.185V Vectra Elite. White,₹37.990
Daikin 1.8 Ton 3 Star Inverter Split AC (Copper. Anti Bacterial Filter. ATKL60UV16. White),₹49.990
Voltas 1 Ton 3 Star. Fixed Speed Window AC (Copper. Turbo Mode. 2023 Model. 123 Vectra Platina. White),Null
Samsung 2 Ton 3 Star Wi-fi Enabled Inverter Split AC (Copper. Convertible 5-in-1 Cooling Mode. Anti-bacterial Filter. 2023 Model AR24CYLZABE White),Null
Voltas 2 Ton 5 Star. Inverter Split AC(Copper.4-in-1 Adjustable Mode. Anti-dust Filter. 2023 Model. 245V Vectra Plus. White),Null
Voltas 1.5 Ton 3 Star. Inverter Split AC(Copper. 4-in-1 Adjustable Mode. Anti-dust Filter. 2023 Model. 183V Vectra Prime. White),Null
Samsung 1.5 Ton 5 Star (5-in-1 Convertible Cooling. 2023 Model. AR18CYNZABE. Stabilizer Free Operation. Inverter Split AC. White,₹43.990
Voltas 1.5 Ton 3 Star. Inverter Split AC(Copper. 4 in 1 Adjustable Cooling. Anti-dust Filter. 2023 Model. 183V Vectra Platina. White),Null
Voltas 2 Ton 3 Star. Inverter Split AC(Copper. 4-in-1 Adjustable Mode. Anti-dust Filter. 2023 Model. 243V Vectra Elite. White),Null
Samsung 1.5 Ton 5 Star (5-in-1 Convertible Wind-Free Cooling. 2023 Model. AR18CYNAMWK). Stabilizer Free Operation. Inverter Split AC. White,Null
Daikin 1.5 Ton 3 Star Fixed Speed Split AC (Copper. PM 2.5 Filter. 2022 Model. FTL50U. White),₹39.350
Lloyd Inverter 2 Ton Split Air Conditioners. 3 Star GLS24I3FWSEM,Null
Blue Star 1 Ton 3 Star Fixed Speed Window AC (Copper. Turbo Cool. Humidity Control. Fan Modes-Auto/High/Medium/Low. Hydrophilic Blue Fins. Dust Filters. Self-Diagnosis. 2023 Model. WFB312LN. White),Null
Blue Star 1.5 Ton 5 Star Convertible 5 in 1 Cooling Inverter Split Air Conditioner (IC518YNU. White),Null
Hitachi 1.5 Ton 5 Star ice Clean Xpandable Plus Inverter Split AC (100% Copper. Dust Filter. 2024 Model. Yoshi 5400FXL. R32-RAS.G518PCBISF. Dual Platinum),Null
Godrej 1.5 Ton 5 Star. 5-In-1 Convertible. Inverter Split AC (Copper. Heavy Duty Cooling at 52°C. 2023 Model. AC 1.5T EI 18IINV5R32 WWA. White),₹36.990
Carrier 1.5 Ton 3 Star AI Flexicool Inverter Split AC (Copper. Convertible 4-in-1 Cooling.High Density Filter. Auto Cleanser. 2023 Model.ESTER Exi - CAI18ER3R32F0.White),₹34.990
Blue Star 1.5 Ton 3 Star 5 in 1 Convertible Inverter Split AC (Copper. Multi Sensors. Stabalizer Free Operation. Self Diagnosis. 2023 Model. IA318FNU. White),Null
Carrier 2 Ton 5 Star AI Flexicool Inverter Split AC (Copper. Convertible 6-in-1 Cooling.Dual Filtration. Auto Cleanser. 2023 Model.ESTER Exi -CAI24ES5R33F0 .White),Null
Voltas 1.5 Ton 3 Star. Fixed Speed Split AC (Copper. LED Display. Anti-dust Filter. 2023 Model. 183 Vectra Elegant. White),Null
Carrier 2 Ton 3 Star AI Flexicool Inverter Split AC (Copper. Convertible 4-in-1 Cooling.Dual Filtration. Auto Cleanser. 2023 Model.ESTER Exi - CAI24ES3R32F0.White),Null
Panasonic 1 Ton 5 Star Wi-Fi Inverter Smart Split AC (Copper Condenser. 7 in 1 Convertible with AI. 4 Way Swing. PM Filter. CS/CU-NU12YKY5W.2023 Model. White),Null
Carrier 1.5 Ton 5 Star AI Flexicool Inverter Split AC (Copper. Convertible 6-in-1 Cooling.Dual Filtration with HD & PM 2.5 Filter. Auto Cleanser. 2023 Model.ESTER Exi -CAI18ES5R33F0 .White),Null
Godrej 1.4 Ton 3 Star. 5-in-1 Convertible Cooling. Inverter Split AC (Copper. I-Sense Technology. 2023 Model. AC 1.4T EI 18TINV3R32 WWC. White),₹30.490
Panasonic 1 Ton 4 Star Wi-Fi Inverter Smart Split AC (Copper Condenser. 7 in 1 Convertible with additional AI Mode. 4 Way Swing. PM 0.1 Air Purification Filter. CS/CU-NU12YKY4W.2023 Model. White),Null
LG 2.0 Ton 3 Star AI DUAL Inverter Split AC (Copper. AI Convertible 6-in-1 Cooling. 4 Way Swing. HD Filter with Anti-Virus Protection. 2023 Model. RS-Q24ENXE. White),Null
Hitachi 1.5 Ton 5 Star Inverter Split AC (Copper. Dust Filter. 2021 Model. RSRG518HEEA. White). Free 1 Year Extended warranty,Null
Carrier 2 Ton 5 Star Inverter Split AC (Copper.ESTER Dxi. 6-in-1 Flexicool Inverter. 2022 Model.R32.White),Null
Voltas Split Air Conditioner SAC 185V CAZZ. White. (4503222),₹39.990
Blue Star 1.5 Ton 3 Star Fixed Speed Window AC (Copper. Turbo Cool. Humidity Control. Hydrophilic Blue Fins. Dust Filters. Self-Diagnosis. 2023 Model. WFA318LN. White),Null
Blue Star 4 in 1 Convertible 2 Ton 3 Star Inverter Split Air Conditioner with Dust Filter (Copper Condenser. IA324YNU),Null
Blue Star 1 Ton 5 Star Convertible 5 in 1 Cooling Inverter Split AC (Copper. Multi Sensors. Dust Filters. Smart Ready. Blue Fins. Self Diagnosis. 2023Model. IC512YNU.White),Null
Carrier 1.5 Ton 5 Star Inverter Split AC (Copper.ESTER Dxi. 6-in-1 Flexicool Inverter. 2022 Model.R32 .White),Null
Blue Star 1.5 Ton 5 Star Fixed Speed Window AC (Copper. Turbo Cool. Humidity Control. Fan Modes-Auto/High/Medium/Low. Hydrophilic Blue Fins. Dust Filter. Self-Diagnosis. 2023 Model. WFA518LN. White),Null
Godrej 1.5 Ton 5 Star. 5-in-1 Convertible Cooling. Inverter Split AC (Copper. Heavy Duty Cooling At 52°C. Anti-dust Filter. 2023 Model. AC 1.5T EI 18IINV5R32 WWR. White),₹36.490
Panasonic 1 Ton 5 Star Wi-Fi Inverter Smart Split AC (Copper Condenser. 7 in 1 Convertible with AI. 4 Way Swing. PM Filter. CS/CU-NU12YKY5W.2023 Model. White),Null
Godrej 1.4 Ton 3 Star. 5-in-1 Convertible Cooling. Inverter Split AC (Copper. I-Sense Technology. 2023 Model. AC 1.4T EI 18TINV3R32 WWC. White),₹30.490
Blue Star 1 Ton 5 Star Convertible 5 in 1 Cooling Inverter Split AC (Copper. Multi Sensors. Dust Filters. Smart Ready. Blue Fins. Self Diagnosis. 2023Model. IC512YNU.White),Null
Blue Star 1.5 Ton 5 Star Convertible 5 in 1 Cooling Inverter Split Air Conditioner (IC518YNU. White),Null
Hitachi 1.5 Ton 5 Star ice Clean Xpandable Plus Inverter Split AC (100% Copper. Dust Filter. 2024 Model. Yoshi 5400FXL. R32-RAS.G518PCBISF. Dual Platinum),Null
Daikin 1.5 Ton 3 Star Inverter Split AC (Copper. PM 2.5 Filter. FTKY50UV. White),₹36.990
Voltas 1 Ton 3 Star. Fixed Speed Window AC (Copper. Turbo Mode. 2023 Model. 123 Vectra Platina. White),Null
Carrier 2 Ton 3 Star AI Flexicool Inverter Split AC (Copper. Convertible 4-in-1 Cooling.Dual Filtration. Auto Cleanser. 2023 Model.ESTER Exi - CAI24ES3R32F0.White),Null
Voltas 1.5 Ton 3 Star. Fixed Speed Split AC (Copper. LED Display. Anti-dust Filter. 2023 Model. 183 Vectra Elegant. White),Null
Carrier 2 Ton 5 Star AI Flexicool Inverter Split AC (Copper. Convertible 6-in-1 Cooling.Dual Filtration. Auto Cleanser. 2023 Model.ESTER Exi -CAI24ES5R33F0 .White),Null
Lloyd 1.0 Ton 5 Star Inverter Split AC (5 in 1 Convertible. Copper. Anti-Viral + PM 2.5 Filter. 2023 Model. White with Chrome Deco Strip. GLS12I5FWBEV),₹34.490
Carrier 1.5 Ton 3 Star AI Flexicool Inverter Split AC (Copper. Convertible 4-in-1 Cooling.High Density Filter. Auto Cleanser. 2023 Model.ESTER Exi - CAI18ER3R32F0.White),₹34.990
Panasonic 1 Ton 4 Star Wi-Fi Inverter Smart Split AC (Copper Condenser. 7 in 1 Convertible with additional AI Mode. 4 Way Swing. PM 0.1 Air Purification Filter. CS/CU-NU12YKY4W.2023 Model. White),Null
Voltas 1.5 Ton 5 Star. Inverter Split AC(Copper. 4-in-1 Adjustable Mode. Anti-dust Filter. 2023 Model. 185V Vectra Elegant.White),Null
Godrej 1.5 Ton 5 Star. 5-In-1 Convertible. Inverter Split AC (Copper. Heavy Duty Cooling at 52°C. 2023 Model. AC 1.5T EI 18IINV5R32 WWA. White),₹36.990
Carrier 1.5 Ton 5 Star AI Flexicool Inverter Split AC (Copper. Convertible 6-in-1 Cooling.Dual Filtration with HD & PM 2.5 Filter. Auto Cleanser. 2023 Model.ESTER Exi -CAI18ES5R33F0 .White),Null
Carrier 2 Ton 5 Star Inverter Split AC (Copper.ESTER Dxi. 6-in-1 Flexicool Inverter. 2022 Model.R32.White),Null
Carrier 1 Ton 3 Star AI Flexicool Inverter Split AC (Copper. Convertible 4-in-1 Cooling.Dual Filtration with HD & PM 2.5 Filter. Auto Cleanser. 2023 Model.ESTER Exi - CAI12ER3R33F0.White),₹29.990
Voltas 1.5 Ton 3 Star. Inverter Split AC(Copper. 4-in-1 Adjustable Mode. Anti-dust Filter. 2023 Model. 183V Vectra Pride. White),Null
Lloyd 1.0 Ton 3 Star Inverter Split AC (5 in 1 Convertible. Copper. Anti-Viral + PM 2.5 Filter. 2023 Model. White with Chrome Deco Strip. GLS12I3FWAEV/WAEA),Null
Voltas 1.5 Ton 3 Star. Fixed Speed Window AC (Copper. Turbo Mode. 2023 Model. 183 Vectra Pearl. White),Null
Samsung 2 Ton 3 Star Wi-fi Enabled Inverter Split AC (Copper. Convertible 5-in-1 Cooling Mode. Anti-bacterial Filter. 2023 Model AR24CYLZABE White),Null
Samsung 1.5 Ton 5 Star (5-in-1 Convertible Cooling. 2023 Model. AR18CYNZABE. Stabilizer Free Operation. Inverter Split AC. White,₹43.990
Samsung 1.5 Ton 5 Star (5-in-1 Convertible Wind-Free Cooling. 2023 Model. AR18CYNAMWK). Stabilizer Free Operation. Inverter Split AC. White,Null
Voltas 1.4 Ton 3 Star Inverter Split AC(Copper. Adjustable Cooling. Anti-dust Filter. 2023 Model. 173V Vectra Platina. White),₹30.490
Lloyd Inverter 2 Ton Split Air Conditioners. 3 Star GLS24I3FWSEM,Null
Blue Star 1.5 Ton 3 Star 5 in 1 Convertible Inverter Split AC (Copper. Smart Ready. Stabalizer Free Operation. Super Quiet. Energy Saver. 2023 Model. IB318YKU. White),Null
Cruise 1 Ton 3 Star Inverter Split AC with 7-Stage Air Filtration (100% Copper. Auto Convertible. PM 2.5 Filter. 2024 Model. CWCVBH-VQ1W123. White),Null
LG 2.0 Ton 3 Star AI DUAL Inverter Split AC (Copper. AI Convertible 6-in-1 Cooling. 4 Way Swing. HD Filter with Anti-Virus Protection. 2023 Model. RS-Q24ENXE. White),Null
Blue Star 4 in 1 Convertible 2 Ton 3 Star Inverter Split Air Conditioner with Dust Filter (Copper Condenser. IA324YNU),Null
Hitachi 1.5 Ton 5 Star Inverter Split AC (Copper. Dust Filter. 2021 Model. RSRG518HEEA. White). Free 1 Year Extended warranty,Null
