Fastrack Optimus Pro with 1.43" AMOLED Display & AOD(46...,/fastrack-optimus-pro-1-43-amoled-display-aod-466x466-functional-crown-bt-calling-smartwatch/p/itma4744c9053b72?pid=SMWGV3ZY9YJYEYEC&lid=LSTSMWGV3ZY9YJYEYECZN6QCW&marketplace=FLIPKART&store=ajy%2Fbuh&srno=b_1_1&otracker=dynamic_omu_infinite_Best%2Bof%2BElectronics_6_1.dealCard.OMU_INFINITE_E1YF2OWYF3ML&iid=ea3b1749-f490-4df0-b7e9-443c462f24f0.SMWGV3ZY9YJYEYEC.SEARCH&ssid=x7yyii6pfk0000001717915777889
Fastrack Revoltt XR1 1.38" Round HD Display, SingleSync...,/fastrack-revoltt-xr1-1-38-round-hd-display-singlesync-bt-calling-advanced-chipset-smartwatch/p/itm470880e507472?pid=SMWGWT49S3NG6A7T&lid=LSTSMWGWT49S3NG6A7TFGTLMR&marketplace=FLIPKART&store=ajy%2Fbuh&spotlightTagId=BestsellerId_ajy%2Fbuh&srno=b_1_2&otracker=dynamic_omu_infinite_Best%2Bof%2BElectronics_6_1.dealCard.OMU_INFINITE_E1YF2OWYF3ML&fm=organic&iid=ea3b1749-f490-4df0-b7e9-443c462f24f0.SMWGWT49S3NG6A7T.SEARCH&ppt=browse&ppn=browse&ssid=x7yyii6pfk0000001717915777889
Fastrack Revoltt FS1|1.83 Display|BT Calling|Fastcharge...,/fastrack-revoltt-fs1-1-83-display-bt-calling-fastcharge-110-sports-mode-200-watchfaces-smartwatch/p/itmab38b5cb1e3fb?pid=SMWGN4YEWGNZ2GGM&lid=LSTSMWGN4YEWGNZ2GGMLUF0DF&marketplace=FLIPKART&store=ajy%2Fbuh&spotlightTagId=BestsellerId_ajy%2Fbuh&srno=b_1_3&otracker=dynamic_omu_infinite_Best%2Bof%2BElectronics_6_1.dealCard.OMU_INFINITE_E1YF2OWYF3ML&fm=organic&iid=ea3b1749-f490-4df0-b7e9-443c462f24f0.SMWGN4YEWGNZ2GGM.SEARCH&ppt=browse&ppn=browse&ssid=x7yyii6pfk0000001717915777889
Fastrack Revoltt FS1|1.83 Display|BT Calling|Fastcharge...,/fastrack-revoltt-fs1-1-83-display-bt-calling-fastcharge-110-sports-mode-200-watchfaces-smartwatch/p/itmc646e6ccc5331?pid=SMWGN4YESUVP5UHW&lid=LSTSMWGN4YESUVP5UHWWMLDUX&marketplace=FLIPKART&store=ajy%2Fbuh&srno=b_1_4&otracker=dynamic_omu_infinite_Best%2Bof%2BElectronics_6_1.dealCard.OMU_INFINITE_E1YF2OWYF3ML&iid=ea3b1749-f490-4df0-b7e9-443c462f24f0.SMWGN4YESUVP5UHW.SEARCH&ssid=x7yyii6pfk0000001717915777889
Fastrack Revoltt FS1 Pro|World's First,1.96" Super AMOL...,/fastrack-revoltt-fs1-pro-world-s-first-1-96-super-amoled-highest-resolution-bt-calling-smartwatch/p/itmc42d5fa51a930?pid=SMWGZ835PYX4HJGR&lid=LSTSMWGZ835PYX4HJGRCFZKL9&marketplace=FLIPKART&store=ajy%2Fbuh&spotlightTagId=BestsellerId_ajy%2Fbuh&srno=b_1_5&otracker=dynamic_omu_infinite_Best%2Bof%2BElectronics_6_1.dealCard.OMU_INFINITE_E1YF2OWYF3ML&iid=ea3b1749-f490-4df0-b7e9-443c462f24f0.SMWGZ835PYX4HJGR.SEARCH&ssid=x7yyii6pfk0000001717915777889
Fastrack Revoltt FS1|1.83 Display|BT Calling|Fastcharge...,/fastrack-revoltt-fs1-1-83-display-bt-calling-fastcharge-110-sports-mode-200-watchfaces-smartwatch/p/itmd959f5faeed31?pid=SMWGPUFU6CHTESQZ&lid=LSTSMWGPUFU6CHTESQZOG477L&marketplace=FLIPKART&store=ajy%2Fbuh&srno=b_1_6&otracker=dynamic_omu_infinite_Best%2Bof%2BElectronics_6_1.dealCard.OMU_INFINITE_E1YF2OWYF3ML&iid=ea3b1749-f490-4df0-b7e9-443c462f24f0.SMWGPUFU6CHTESQZ.SEARCH&ssid=x7yyii6pfk0000001717915777889
Fastrack Revoltt FS1|1.83 Display|BT Calling|Fastcharge...,/fastrack-revoltt-fs1-1-83-display-bt-calling-fastcharge-110-sports-mode-200-watchfaces-smartwatch/p/itmc37b506d7ae4e?pid=SMWGN4YE3YRF2QH9&lid=LSTSMWGN4YE3YRF2QH9J09ZDA&marketplace=FLIPKART&store=ajy%2Fbuh&spotlightTagId=FkPickId_ajy%2Fbuh&srno=b_1_7&otracker=dynamic_omu_infinite_Best%2Bof%2BElectronics_6_1.dealCard.OMU_INFINITE_E1YF2OWYF3ML&iid=ea3b1749-f490-4df0-b7e9-443c462f24f0.SMWGN4YE3YRF2QH9.SEARCH&ssid=x7yyii6pfk0000001717915777889
Fastrack Revoltt XR1 1.38" Round HD Display, SingleSync...,/fastrack-revoltt-xr1-1-38-round-hd-display-singlesync-bt-calling-advanced-chipset-smartwatch/p/itm8dc626b84baf7?pid=SMWGWT49B9HPZHFM&lid=LSTSMWGWT49B9HPZHFMSOPKOQ&marketplace=FLIPKART&store=ajy%2Fbuh&srno=b_1_8&otracker=dynamic_omu_infinite_Best%2Bof%2BElectronics_6_1.dealCard.OMU_INFINITE_E1YF2OWYF3ML&iid=ea3b1749-f490-4df0-b7e9-443c462f24f0.SMWGWT49B9HPZHFM.SEARCH&ssid=x7yyii6pfk0000001717915777889
Fastrack Revoltt XR1 1.38" Round HD Display, SingleSync...,/fastrack-revoltt-xr1-1-38-round-hd-display-singlesync-bt-calling-advanced-chipset-smartwatch/p/itm6de298b960d2d?pid=SMWGWT49N2FKR7GT&lid=LSTSMWGWT49N2FKR7GTBG3LDS&marketplace=FLIPKART&store=ajy%2Fbuh&srno=b_1_9&otracker=dynamic_omu_infinite_Best%2Bof%2BElectronics_6_1.dealCard.OMU_INFINITE_E1YF2OWYF3ML&iid=ea3b1749-f490-4df0-b7e9-443c462f24f0.SMWGWT49N2FKR7GT.SEARCH&ssid=x7yyii6pfk0000001717915777889
Fastrack Revoltt FS1 Pro|World's First,1.96" Super AMOL...,/fastrack-revoltt-fs1-pro-world-s-first-1-96-super-amoled-highest-resolution-bt-calling-smartwatch/p/itm868a2831ed59a?pid=SMWGZ835YHABS9WU&lid=LSTSMWGZ835YHABS9WU1DFCAJ&marketplace=FLIPKART&store=ajy%2Fbuh&srno=b_1_10&otracker=dynamic_omu_infinite_Best%2Bof%2BElectronics_6_1.dealCard.OMU_INFINITE_E1YF2OWYF3ML&iid=ea3b1749-f490-4df0-b7e9-443c462f24f0.SMWGZ835YHABS9WU.SEARCH&ssid=x7yyii6pfk0000001717915777889
Fastrack Revoltt FS1|1.83 Display|BT Calling|Fastcharge...,/fastrack-revoltt-fs1-1-83-display-bt-calling-fastcharge-110-sports-mode-200-watchfaces-smartwatch/p/itm28ea1b6eaea8f?pid=SMWGVSCYSGHXJYYN&lid=LSTSMWGVSCYSGHXJYYNCXBYOC&marketplace=FLIPKART&store=ajy%2Fbuh&srno=b_1_11&otracker=dynamic_omu_infinite_Best%2Bof%2BElectronics_6_1.dealCard.OMU_INFINITE_E1YF2OWYF3ML&iid=ea3b1749-f490-4df0-b7e9-443c462f24f0.SMWGVSCYSGHXJYYN.SEARCH&ssid=x7yyii6pfk0000001717915777889
Fastrack Revoltt FS1 Pro|World's First,1.96" Super AMOL...,/fastrack-revoltt-fs1-pro-world-s-first-1-96-super-amoled-highest-resolution-bt-calling-smartwatch/p/itm6d1037589b785?pid=SMWGTGAY72FD6KND&lid=LSTSMWGTGAY72FD6KND6AOXJH&marketplace=FLIPKART&store=ajy%2Fbuh&srno=b_1_12&otracker=dynamic_omu_infinite_Best%2Bof%2BElectronics_6_1.dealCard.OMU_INFINITE_E1YF2OWYF3ML&iid=ea3b1749-f490-4df0-b7e9-443c462f24f0.SMWGTGAY72FD6KND.SEARCH&ssid=x7yyii6pfk0000001717915777889
Fastrack Revoltt FS1|1.83 Display|BT Calling|Fastcharge...,/fastrack-revoltt-fs1-1-83-display-bt-calling-fastcharge-110-sports-mode-200-watchfaces-smartwatch/p/itm48f2709b4642d?pid=SMWGPUFUJYHZFKDJ&lid=LSTSMWGPUFUJYHZFKDJFCNS11&marketplace=FLIPKART&store=ajy%2Fbuh&srno=b_1_13&otracker=dynamic_omu_infinite_Best%2Bof%2BElectronics_6_1.dealCard.OMU_INFINITE_E1YF2OWYF3ML&iid=ea3b1749-f490-4df0-b7e9-443c462f24f0.SMWGPUFUJYHZFKDJ.SEARCH&ssid=x7yyii6pfk0000001717915777889
Fastrack Optimus Pro with 1.43" AMOLED Display & AOD(46...,/fastrack-optimus-pro-1-43-amoled-display-aod-466x466-functional-crown-bt-calling-smartwatch/p/itm58d4b7c53c82b?pid=SMWGV3ZYCBHGWPQH&lid=LSTSMWGV3ZYCBHGWPQHBYOMSZ&marketplace=FLIPKART&store=ajy%2Fbuh&srno=b_1_14&otracker=dynamic_omu_infinite_Best%2Bof%2BElectronics_6_1.dealCard.OMU_INFINITE_E1YF2OWYF3ML&iid=ea3b1749-f490-4df0-b7e9-443c462f24f0.SMWGV3ZYCBHGWPQH.SEARCH&ssid=x7yyii6pfk0000001717915777889
Fastrack Revoltt FS1|1.83 Display|BT Calling|Fastcharge...,/fastrack-revoltt-fs1-1-83-display-bt-calling-fastcharge-110-sports-mode-200-watchfaces-smartwatch/p/itma5e0b761af06d?pid=SMWGVSCYNZDXQPJC&lid=LSTSMWGVSCYNZDXQPJCZXSJYY&marketplace=FLIPKART&store=ajy%2Fbuh&srno=b_1_15&otracker=dynamic_omu_infinite_Best%2Bof%2BElectronics_6_1.dealCard.OMU_INFINITE_E1YF2OWYF3ML&iid=ea3b1749-f490-4df0-b7e9-443c462f24f0.SMWGVSCYNZDXQPJC.SEARCH&ssid=x7yyii6pfk0000001717915777889
Fastrack Revoltt FS1|1.83 Display|BT Calling|Fastcharge...,/fastrack-revoltt-fs1-1-83-display-bt-calling-fastcharge-110-sports-mode-200-watchfaces-smartwatch/p/itm9731ac3f3c67f?pid=SMWGN4YEW7TPQAW5&lid=LSTSMWGN4YEW7TPQAW5TA5MP5&marketplace=FLIPKART&store=ajy%2Fbuh&srno=b_1_16&otracker=dynamic_omu_infinite_Best%2Bof%2BElectronics_6_1.dealCard.OMU_INFINITE_E1YF2OWYF3ML&iid=ea3b1749-f490-4df0-b7e9-443c462f24f0.SMWGN4YEW7TPQAW5.SEARCH&ssid=x7yyii6pfk0000001717915777889
Fastrack Revoltt FS1 Pro|World's First,1.96" Super AMOL...,/fastrack-revoltt-fs1-pro-world-s-first-1-96-super-amoled-highest-resolution-bt-calling-smartwatch/p/itmf102793fb8fb0?pid=SMWGZ8355GPY5NPK&lid=LSTSMWGZ8355GPY5NPKSKWKXW&marketplace=FLIPKART&store=ajy%2Fbuh&srno=b_1_17&otracker=dynamic_omu_infinite_Best%2Bof%2BElectronics_6_1.dealCard.OMU_INFINITE_E1YF2OWYF3ML&iid=ea3b1749-f490-4df0-b7e9-443c462f24f0.SMWGZ8355GPY5NPK.SEARCH&ssid=x7yyii6pfk0000001717915777889
Fastrack Revoltt FS1+|2.01'' Biggest UltraVU Display|In...,/fastrack-revoltt-fs1-2-01-biggest-ultravu-display-industry-best-950-nits-bt-calling-smartwatch/p/itma86008751784a?pid=SMWGPM2D9HCCZNKZ&lid=LSTSMWGPM2D9HCCZNKZDXHMA9&marketplace=FLIPKART&store=ajy%2Fbuh&srno=b_1_18&otracker=dynamic_omu_infinite_Best%2Bof%2BElectronics_6_1.dealCard.OMU_INFINITE_E1YF2OWYF3ML&iid=ea3b1749-f490-4df0-b7e9-443c462f24f0.SMWGPM2D9HCCZNKZ.SEARCH&ssid=x7yyii6pfk0000001717915777889
Fastrack Optimus Pro with 1.43" AMOLED Display & AOD(46...,/fastrack-optimus-pro-1-43-amoled-display-aod-466x466-functional-crown-bt-calling-smartwatch/p/itm536e5793d5d9f?pid=SMWGV3ZYUDHACXVD&lid=LSTSMWGV3ZYUDHACXVDSFUDWY&marketplace=FLIPKART&store=ajy%2Fbuh&srno=b_1_19&otracker=dynamic_omu_infinite_Best%2Bof%2BElectronics_6_1.dealCard.OMU_INFINITE_E1YF2OWYF3ML&iid=ea3b1749-f490-4df0-b7e9-443c462f24f0.SMWGV3ZYUDHACXVD.SEARCH&ssid=x7yyii6pfk0000001717915777889
Fastrack Revoltt FS1 Pro|World's First,1.96" Super AMOL...,/fastrack-revoltt-fs1-pro-world-s-first-1-96-super-amoled-highest-resolution-bt-calling-smartwatch/p/itm5260b543f6ba7?pid=SMWGTGAYBNSJHSHB&lid=LSTSMWGTGAYBNSJHSHBKHRINW&marketplace=FLIPKART&store=ajy%2Fbuh&srno=b_1_20&otracker=dynamic_omu_infinite_Best%2Bof%2BElectronics_6_1.dealCard.OMU_INFINITE_E1YF2OWYF3ML&iid=ea3b1749-f490-4df0-b7e9-443c462f24f0.SMWGTGAYBNSJHSHB.SEARCH&ssid=x7yyii6pfk0000001717915777889
Fastrack Revoltt XR1 1.38" Round HD Display, SingleSync...,/fastrack-revoltt-xr1-1-38-round-hd-display-singlesync-bt-calling-advanced-chipset-smartwatch/p/itm42ae3bcbb8783?pid=SMWGWT49G7ZMEPKS&lid=LSTSMWGWT49G7ZMEPKSC4W8OR&marketplace=FLIPKART&store=ajy%2Fbuh&srno=b_1_21&otracker=dynamic_omu_infinite_Best%2Bof%2BElectronics_6_1.dealCard.OMU_INFINITE_E1YF2OWYF3ML&iid=ea3b1749-f490-4df0-b7e9-443c462f24f0.SMWGWT49G7ZMEPKS.SEARCH&ssid=x7yyii6pfk0000001717915777889
Fastrack Optimus Pro with 1.43" AMOLED Display & AOD(46...,/fastrack-optimus-pro-1-43-amoled-display-aod-466x466-functional-crown-bt-calling-smartwatch/p/itm915e6177b41aa?pid=SMWGV3ZYJNFX9MKT&lid=LSTSMWGV3ZYJNFX9MKTRGTPAL&marketplace=FLIPKART&store=ajy%2Fbuh&srno=b_1_22&otracker=dynamic_omu_infinite_Best%2Bof%2BElectronics_6_1.dealCard.OMU_INFINITE_E1YF2OWYF3ML&iid=ea3b1749-f490-4df0-b7e9-443c462f24f0.SMWGV3ZYJNFX9MKT.SEARCH&ssid=x7yyii6pfk0000001717915777889
Fastrack Revoltt FS1+|2.01'' Biggest UltraVU Display|In...,/fastrack-revoltt-fs1-2-01-biggest-ultravu-display-industry-best-950-nits-bt-calling-smartwatch/p/itm767fcb0d7f814?pid=SMWGPM2DRBBZGB64&lid=LSTSMWGPM2DRBBZGB64XOSNMJ&marketplace=FLIPKART&store=ajy%2Fbuh&srno=b_1_23&otracker=dynamic_omu_infinite_Best%2Bof%2BElectronics_6_1.dealCard.OMU_INFINITE_E1YF2OWYF3ML&iid=ea3b1749-f490-4df0-b7e9-443c462f24f0.SMWGPM2DRBBZGB64.SEARCH&ssid=x7yyii6pfk0000001717915777889
Fastrack Revoltt FS1+|2.01'' Biggest UltraVU Display|In...,/fastrack-revoltt-fs1-2-01-biggest-ultravu-display-industry-best-950-nits-bt-calling-smartwatch/p/itmf558b9cf91ea3?pid=SMWGPM2DH4GDVVB9&lid=LSTSMWGPM2DH4GDVVB9Y9H2WM&marketplace=FLIPKART&store=ajy%2Fbuh&srno=b_1_24&otracker=dynamic_omu_infinite_Best%2Bof%2BElectronics_6_1.dealCard.OMU_INFINITE_E1YF2OWYF3ML&iid=ea3b1749-f490-4df0-b7e9-443c462f24f0.SMWGPM2DH4GDVVB9.SEARCH&ssid=x7yyii6pfk0000001717915777889
Fastrack Revoltt XR1 1.38" Round HD Display, SingleSync...,/fastrack-revoltt-xr1-1-38-round-hd-display-singlesync-bt-calling-advanced-chipset-smartwatch/p/itm2fda00a0c9546?pid=SMWGWT49FYYSBZP4&lid=LSTSMWGWT49FYYSBZP4YJBRJZ&marketplace=FLIPKART&store=ajy%2Fbuh&srno=b_1_25&otracker=dynamic_omu_infinite_Best%2Bof%2BElectronics_6_1.dealCard.OMU_INFINITE_E1YF2OWYF3ML&iid=ea3b1749-f490-4df0-b7e9-443c462f24f0.SMWGWT49FYYSBZP4.SEARCH&ssid=x7yyii6pfk0000001717915777889
Fastrack Revoltt X|1.83'' HD Display|SingleSync BT Call...,/fastrack-revoltt-x-1-83-hd-display-singlesync-bt-calling-advanced-chipset-calculator-smartwatch/p/itmff14a219776a3?pid=SMWGTMYYMGF9R4R6&lid=LSTSMWGTMYYMGF9R4R6IALT3J&marketplace=FLIPKART&store=ajy%2Fbuh&srno=b_1_26&otracker=dynamic_omu_infinite_Best%2Bof%2BElectronics_6_1.dealCard.OMU_INFINITE_E1YF2OWYF3ML&iid=ea3b1749-f490-4df0-b7e9-443c462f24f0.SMWGTMYYMGF9R4R6.SEARCH&ssid=x7yyii6pfk0000001717915777889
Fastrack Revoltt X|1.83'' HD Display|SingleSync BT Call...,/fastrack-revoltt-x-1-83-hd-display-singlesync-bt-calling-advanced-chipset-calculator-smartwatch/p/itm9d9e8952a9200?pid=SMWGRV3KPXXHCMGZ&lid=LSTSMWGRV3KPXXHCMGZ0YW1YL&marketplace=FLIPKART&store=ajy%2Fbuh&srno=b_1_27&otracker=dynamic_omu_infinite_Best%2Bof%2BElectronics_6_1.dealCard.OMU_INFINITE_E1YF2OWYF3ML&iid=ea3b1749-f490-4df0-b7e9-443c462f24f0.SMWGRV3KPXXHCMGZ.SEARCH&ssid=x7yyii6pfk0000001717915777889
Fastrack Revoltt FS1 Max|Biggest 1.95'' UltraVU Curve D...,/fastrack-revoltt-fs1-max-biggest-1-95-ultravu-curve-display-bt-calling-100-multisports-smartwatch/p/itm6daad6a9c5d23?pid=SMWGTGANRUC4DMWM&lid=LSTSMWGTGANRUC4DMWMYLZR5D&marketplace=FLIPKART&store=ajy%2Fbuh&srno=b_1_28&otracker=dynamic_omu_infinite_Best%2Bof%2BElectronics_6_1.dealCard.OMU_INFINITE_E1YF2OWYF3ML&iid=ea3b1749-f490-4df0-b7e9-443c462f24f0.SMWGTGANRUC4DMWM.SEARCH&ssid=x7yyii6pfk0000001717915777889
Fastrack Revoltt FR1 Pro|1.3Inch AMOLED display with 60...,/fastrack-revoltt-fr1-pro-1-3inch-amoled-display-600-nits-advanced-bt-calling-chipset-smartwatch/p/itmbb977db78713e?pid=SMWGPB6YAANQFJSF&lid=LSTSMWGPB6YAANQFJSFCTXBUU&marketplace=FLIPKART&store=ajy%2Fbuh&srno=b_1_29&otracker=dynamic_omu_infinite_Best%2Bof%2BElectronics_6_1.dealCard.OMU_INFINITE_E1YF2OWYF3ML&iid=ea3b1749-f490-4df0-b7e9-443c462f24f0.SMWGPB6YAANQFJSF.SEARCH&ssid=x7yyii6pfk0000001717915777889
Fastrack Revoltt Classic 1.91 HD Display|700 Nits|Funct...,/fastrack-revoltt-classic-1-91-hd-display-700-nits-functional-crown-bt-calling-premium-smartwatch/p/itmdc377a0a1ab7e?pid=SMWGTEZPG9CKAFHM&lid=LSTSMWGTEZPG9CKAFHMGDTBHQ&marketplace=FLIPKART&store=ajy%2Fbuh&srno=b_1_30&otracker=dynamic_omu_infinite_Best%2Bof%2BElectronics_6_1.dealCard.OMU_INFINITE_E1YF2OWYF3ML&iid=ea3b1749-f490-4df0-b7e9-443c462f24f0.SMWGTEZPG9CKAFHM.SEARCH&ssid=x7yyii6pfk0000001717915777889
Fastrack Revoltt FS2 1.91 Super HD Display(320x385) wit...,/fastrack-revoltt-fs2-1-91-super-hd-display-320x385-functional-crown-bt-calling-smartwatch/p/itme478800387e3e?pid=SMWGUGG3PXHTNYDB&lid=LSTSMWGUGG3PXHTNYDBNHAOWS&marketplace=FLIPKART&store=ajy%2Fbuh&srno=b_1_31&otracker=dynamic_omu_infinite_Best%2Bof%2BElectronics_6_1.dealCard.OMU_INFINITE_E1YF2OWYF3ML&iid=ea3b1749-f490-4df0-b7e9-443c462f24f0.SMWGUGG3PXHTNYDB.SEARCH&ssid=x7yyii6pfk0000001717915777889
Fastrack Revoltt X|1.83'' HD Display|SingleSync BT Call...,/fastrack-revoltt-x-1-83-hd-display-singlesync-bt-calling-advanced-chipset-calculator-smartwatch/p/itmd333e5a028f39?pid=SMWGRV3KA8DFY7VM&lid=LSTSMWGRV3KA8DFY7VMTKKLN8&marketplace=FLIPKART&store=ajy%2Fbuh&srno=b_1_32&otracker=dynamic_omu_infinite_Best%2Bof%2BElectronics_6_1.dealCard.OMU_INFINITE_E1YF2OWYF3ML&iid=ea3b1749-f490-4df0-b7e9-443c462f24f0.SMWGRV3KA8DFY7VM.SEARCH&ssid=x7yyii6pfk0000001717915777889
Fastrack Revoltt FR1 Pro|1.3Inch AMOLED display with 60...,/fastrack-revoltt-fr1-pro-1-3inch-amoled-display-600-nits-advanced-bt-calling-chipset-smartwatch/p/itm44aa38ba41204?pid=SMWGPB6YV9DUMFS6&lid=LSTSMWGPB6YV9DUMFS6ZEH609&marketplace=FLIPKART&store=ajy%2Fbuh&srno=b_1_33&otracker=dynamic_omu_infinite_Best%2Bof%2BElectronics_6_1.dealCard.OMU_INFINITE_E1YF2OWYF3ML&iid=ea3b1749-f490-4df0-b7e9-443c462f24f0.SMWGPB6YV9DUMFS6.SEARCH&ssid=x7yyii6pfk0000001717915777889
Fastrack FR1|1.39 inch Super UltraVU Display(360*360)|A...,/fastrack-fr1-1-39-inch-super-ultravu-display-360-360-advanced-bt-calling-split-screen-smartwatch/p/itmd9ce45f71a99c?pid=SMWGQ9K9BSU9NFAZ&lid=LSTSMWGQ9K9BSU9NFAZFVZPSK&marketplace=FLIPKART&store=ajy%2Fbuh&srno=b_1_34&otracker=dynamic_omu_infinite_Best%2Bof%2BElectronics_6_1.dealCard.OMU_INFINITE_E1YF2OWYF3ML&iid=ea3b1749-f490-4df0-b7e9-443c462f24f0.SMWGQ9K9BSU9NFAZ.SEARCH&ssid=x7yyii6pfk0000001717915777889
Fastrack Revoltt Vigor 1.91 Super HD Display|700 Nits|F...,/fastrack-revoltt-vigor-1-91-super-hd-display-700-nits-functional-crown-bt-calling-rugged-smartwatch/p/itmfb129e4968bb0?pid=SMWGTEUNUYGPPJJX&lid=LSTSMWGTEUNUYGPPJJXIXCG42&marketplace=FLIPKART&store=ajy%2Fbuh&srno=b_1_35&otracker=dynamic_omu_infinite_Best%2Bof%2BElectronics_6_1.dealCard.OMU_INFINITE_E1YF2OWYF3ML&iid=ea3b1749-f490-4df0-b7e9-443c462f24f0.SMWGTEUNUYGPPJJX.SEARCH&ssid=x7yyii6pfk0000001717915777889
Fastrack Revoltt FS1 Max|Biggest 1.95'' UltraVU Curve D...,/fastrack-revoltt-fs1-max-biggest-1-95-ultravu-curve-display-bt-calling-100-multisports-smartwatch/p/itmd87b5ab58de08?pid=SMWGQ4XHFDKYBPWW&lid=LSTSMWGQ4XHFDKYBPWWZTVPNW&marketplace=FLIPKART&store=ajy%2Fbuh&srno=b_1_36&otracker=dynamic_omu_infinite_Best%2Bof%2BElectronics_6_1.dealCard.OMU_INFINITE_E1YF2OWYF3ML&iid=ea3b1749-f490-4df0-b7e9-443c462f24f0.SMWGQ4XHFDKYBPWW.SEARCH&ssid=x7yyii6pfk0000001717915777889
Fastrack Revoltt X|1.83'' HD Display|SingleSync BT Call...,/fastrack-revoltt-x-1-83-hd-display-singlesync-bt-calling-advanced-chipset-calculator-smartwatch/p/itmf7434ffe6c524?pid=SMWGRV3K7UAP8TCX&lid=LSTSMWGRV3K7UAP8TCXNOF9PC&marketplace=FLIPKART&store=ajy%2Fbuh&srno=b_1_37&otracker=dynamic_omu_infinite_Best%2Bof%2BElectronics_6_1.dealCard.OMU_INFINITE_E1YF2OWYF3ML&iid=ea3b1749-f490-4df0-b7e9-443c462f24f0.SMWGRV3K7UAP8TCX.SEARCH&ssid=x7yyii6pfk0000001717915777889
Fastrack Reflex Vox 2 with Large 1.8" HD Display, BT Ca...,/fastrack-reflex-vox-2-large-1-8-hd-display-bt-calling-music-storage-tws-connect-smartwatch/p/itmf15ef3d7e9cc9?pid=SMWGKQFJ92XAJBMV&lid=LSTSMWGKQFJ92XAJBMV05GUKU&marketplace=FLIPKART&store=ajy%2Fbuh&srno=b_1_38&otracker=dynamic_omu_infinite_Best%2Bof%2BElectronics_6_1.dealCard.OMU_INFINITE_E1YF2OWYF3ML&iid=ea3b1749-f490-4df0-b7e9-443c462f24f0.SMWGKQFJ92XAJBMV.SEARCH&ssid=x7yyii6pfk0000001717915777889
Fastrack Revoltt FS2 1.91 Super HD Display(320x385) wit...,/fastrack-revoltt-fs2-1-91-super-hd-display-320x385-functional-crown-bt-calling-smartwatch/p/itmfba867c859d02?pid=SMWGUGG3JCCAFDHD&lid=LSTSMWGUGG3JCCAFDHDZGVAVT&marketplace=FLIPKART&store=ajy%2Fbuh&srno=b_1_39&otracker=dynamic_omu_infinite_Best%2Bof%2BElectronics_6_1.dealCard.OMU_INFINITE_E1YF2OWYF3ML&iid=ea3b1749-f490-4df0-b7e9-443c462f24f0.SMWGUGG3JCCAFDHD.SEARCH&ssid=x7yyii6pfk0000001717915777889
Fastrack Revoltt FS2 1.91 Super HD Display(320x385) wit...,/fastrack-revoltt-fs2-1-91-super-hd-display-320x385-functional-crown-bt-calling-smartwatch/p/itm7bc19308f373c?pid=SMWGUGG3J2SJKHWR&lid=LSTSMWGUGG3J2SJKHWR8TVAE5&marketplace=FLIPKART&store=ajy%2Fbuh&srno=b_1_40&otracker=dynamic_omu_infinite_Best%2Bof%2BElectronics_6_1.dealCard.OMU_INFINITE_E1YF2OWYF3ML&iid=ea3b1749-f490-4df0-b7e9-443c462f24f0.SMWGUGG3J2SJKHWR.SEARCH&ssid=x7yyii6pfk0000001717915777889
Fastrack Optimus Pro with 1.43" AMOLED Display & AOD(46...,/fastrack-optimus-pro-1-43-amoled-display-aod-466x466-functional-crown-bt-calling-smartwatch/p/itma4744c9053b72?pid=SMWGV3ZY9YJYEYEC&lid=LSTSMWGV3ZY9YJYEYECZN6QCW&marketplace=FLIPKART&store=ajy%2Fbuh&srno=b_1_1&otracker=dynamic_omu_infinite_Best%2Bof%2BElectronics_6_1.dealCard.OMU_INFINITE_E1YF2OWYF3ML&iid=667dc8a8-c7ac-4f60-a2b2-9599f9a2d19a.SMWGV3ZY9YJYEYEC.SEARCH&ssid=561b0863xs0000001717919347995
Fastrack Revoltt XR1 1.38" Round HD Display, SingleSync...,/fastrack-revoltt-xr1-1-38-round-hd-display-singlesync-bt-calling-advanced-chipset-smartwatch/p/itm470880e507472?pid=SMWGWT49S3NG6A7T&lid=LSTSMWGWT49S3NG6A7TFGTLMR&marketplace=FLIPKART&store=ajy%2Fbuh&spotlightTagId=BestsellerId_ajy%2Fbuh&srno=b_1_2&otracker=dynamic_omu_infinite_Best%2Bof%2BElectronics_6_1.dealCard.OMU_INFINITE_E1YF2OWYF3ML&fm=organic&iid=667dc8a8-c7ac-4f60-a2b2-9599f9a2d19a.SMWGWT49S3NG6A7T.SEARCH&ppt=browse&ppn=browse&ssid=561b0863xs0000001717919347995
Fastrack Revoltt FS1|1.83 Display|BT Calling|Fastcharge...,/fastrack-revoltt-fs1-1-83-display-bt-calling-fastcharge-110-sports-mode-200-watchfaces-smartwatch/p/itmab38b5cb1e3fb?pid=SMWGN4YEWGNZ2GGM&lid=LSTSMWGN4YEWGNZ2GGMLUF0DF&marketplace=FLIPKART&store=ajy%2Fbuh&spotlightTagId=BestsellerId_ajy%2Fbuh&srno=b_1_3&otracker=dynamic_omu_infinite_Best%2Bof%2BElectronics_6_1.dealCard.OMU_INFINITE_E1YF2OWYF3ML&fm=organic&iid=667dc8a8-c7ac-4f60-a2b2-9599f9a2d19a.SMWGN4YEWGNZ2GGM.SEARCH&ppt=browse&ppn=browse&ssid=561b0863xs0000001717919347995
Fastrack Revoltt FS1|1.83 Display|BT Calling|Fastcharge...,/fastrack-revoltt-fs1-1-83-display-bt-calling-fastcharge-110-sports-mode-200-watchfaces-smartwatch/p/itmc646e6ccc5331?pid=SMWGN4YESUVP5UHW&lid=LSTSMWGN4YESUVP5UHWWMLDUX&marketplace=FLIPKART&store=ajy%2Fbuh&srno=b_1_4&otracker=dynamic_omu_infinite_Best%2Bof%2BElectronics_6_1.dealCard.OMU_INFINITE_E1YF2OWYF3ML&iid=667dc8a8-c7ac-4f60-a2b2-9599f9a2d19a.SMWGN4YESUVP5UHW.SEARCH&ssid=561b0863xs0000001717919347995
Fastrack Revoltt FS1 Pro|World's First,1.96" Super AMOL...,/fastrack-revoltt-fs1-pro-world-s-first-1-96-super-amoled-highest-resolution-bt-calling-smartwatch/p/itmc42d5fa51a930?pid=SMWGZ835PYX4HJGR&lid=LSTSMWGZ835PYX4HJGRCFZKL9&marketplace=FLIPKART&store=ajy%2Fbuh&spotlightTagId=BestsellerId_ajy%2Fbuh&srno=b_1_5&otracker=dynamic_omu_infinite_Best%2Bof%2BElectronics_6_1.dealCard.OMU_INFINITE_E1YF2OWYF3ML&iid=667dc8a8-c7ac-4f60-a2b2-9599f9a2d19a.SMWGZ835PYX4HJGR.SEARCH&ssid=561b0863xs0000001717919347995
Fastrack Revoltt FS1|1.83 Display|BT Calling|Fastcharge...,/fastrack-revoltt-fs1-1-83-display-bt-calling-fastcharge-110-sports-mode-200-watchfaces-smartwatch/p/itmd959f5faeed31?pid=SMWGPUFU6CHTESQZ&lid=LSTSMWGPUFU6CHTESQZOG477L&marketplace=FLIPKART&store=ajy%2Fbuh&srno=b_1_6&otracker=dynamic_omu_infinite_Best%2Bof%2BElectronics_6_1.dealCard.OMU_INFINITE_E1YF2OWYF3ML&iid=667dc8a8-c7ac-4f60-a2b2-9599f9a2d19a.SMWGPUFU6CHTESQZ.SEARCH&ssid=561b0863xs0000001717919347995
Fastrack Revoltt FS1|1.83 Display|BT Calling|Fastcharge...,/fastrack-revoltt-fs1-1-83-display-bt-calling-fastcharge-110-sports-mode-200-watchfaces-smartwatch/p/itmc37b506d7ae4e?pid=SMWGN4YE3YRF2QH9&lid=LSTSMWGN4YE3YRF2QH9J09ZDA&marketplace=FLIPKART&store=ajy%2Fbuh&spotlightTagId=FkPickId_ajy%2Fbuh&srno=b_1_7&otracker=dynamic_omu_infinite_Best%2Bof%2BElectronics_6_1.dealCard.OMU_INFINITE_E1YF2OWYF3ML&iid=667dc8a8-c7ac-4f60-a2b2-9599f9a2d19a.SMWGN4YE3YRF2QH9.SEARCH&ssid=561b0863xs0000001717919347995
Fastrack Revoltt XR1 1.38" Round HD Display, SingleSync...,/fastrack-revoltt-xr1-1-38-round-hd-display-singlesync-bt-calling-advanced-chipset-smartwatch/p/itm8dc626b84baf7?pid=SMWGWT49B9HPZHFM&lid=LSTSMWGWT49B9HPZHFMSOPKOQ&marketplace=FLIPKART&store=ajy%2Fbuh&srno=b_1_8&otracker=dynamic_omu_infinite_Best%2Bof%2BElectronics_6_1.dealCard.OMU_INFINITE_E1YF2OWYF3ML&iid=667dc8a8-c7ac-4f60-a2b2-9599f9a2d19a.SMWGWT49B9HPZHFM.SEARCH&ssid=561b0863xs0000001717919347995
Fastrack Revoltt XR1 1.38" Round HD Display, SingleSync...,/fastrack-revoltt-xr1-1-38-round-hd-display-singlesync-bt-calling-advanced-chipset-smartwatch/p/itm6de298b960d2d?pid=SMWGWT49N2FKR7GT&lid=LSTSMWGWT49N2FKR7GTBG3LDS&marketplace=FLIPKART&store=ajy%2Fbuh&srno=b_1_9&otracker=dynamic_omu_infinite_Best%2Bof%2BElectronics_6_1.dealCard.OMU_INFINITE_E1YF2OWYF3ML&iid=667dc8a8-c7ac-4f60-a2b2-9599f9a2d19a.SMWGWT49N2FKR7GT.SEARCH&ssid=561b0863xs0000001717919347995
Fastrack Revoltt FS1 Pro|World's First,1.96" Super AMOL...,/fastrack-revoltt-fs1-pro-world-s-first-1-96-super-amoled-highest-resolution-bt-calling-smartwatch/p/itm868a2831ed59a?pid=SMWGZ835YHABS9WU&lid=LSTSMWGZ835YHABS9WU1DFCAJ&marketplace=FLIPKART&store=ajy%2Fbuh&srno=b_1_10&otracker=dynamic_omu_infinite_Best%2Bof%2BElectronics_6_1.dealCard.OMU_INFINITE_E1YF2OWYF3ML&iid=667dc8a8-c7ac-4f60-a2b2-9599f9a2d19a.SMWGZ835YHABS9WU.SEARCH&ssid=561b0863xs0000001717919347995
Fastrack Revoltt FS1|1.83 Display|BT Calling|Fastcharge...,/fastrack-revoltt-fs1-1-83-display-bt-calling-fastcharge-110-sports-mode-200-watchfaces-smartwatch/p/itm28ea1b6eaea8f?pid=SMWGVSCYSGHXJYYN&lid=LSTSMWGVSCYSGHXJYYNCXBYOC&marketplace=FLIPKART&store=ajy%2Fbuh&srno=b_1_11&otracker=dynamic_omu_infinite_Best%2Bof%2BElectronics_6_1.dealCard.OMU_INFINITE_E1YF2OWYF3ML&iid=667dc8a8-c7ac-4f60-a2b2-9599f9a2d19a.SMWGVSCYSGHXJYYN.SEARCH&ssid=561b0863xs0000001717919347995
Fastrack Revoltt FS1|1.83 Display|BT Calling|Fastcharge...,/fastrack-revoltt-fs1-1-83-display-bt-calling-fastcharge-110-sports-mode-200-watchfaces-smartwatch/p/itm48f2709b4642d?pid=SMWGPUFUJYHZFKDJ&lid=LSTSMWGPUFUJYHZFKDJFCNS11&marketplace=FLIPKART&store=ajy%2Fbuh&srno=b_1_12&otracker=dynamic_omu_infinite_Best%2Bof%2BElectronics_6_1.dealCard.OMU_INFINITE_E1YF2OWYF3ML&iid=667dc8a8-c7ac-4f60-a2b2-9599f9a2d19a.SMWGPUFUJYHZFKDJ.SEARCH&ssid=561b0863xs0000001717919347995
Fastrack Optimus Pro with 1.43" AMOLED Display & AOD(46...,/fastrack-optimus-pro-1-43-amoled-display-aod-466x466-functional-crown-bt-calling-smartwatch/p/itm58d4b7c53c82b?pid=SMWGV3ZYCBHGWPQH&lid=LSTSMWGV3ZYCBHGWPQHBYOMSZ&marketplace=FLIPKART&store=ajy%2Fbuh&srno=b_1_13&otracker=dynamic_omu_infinite_Best%2Bof%2BElectronics_6_1.dealCard.OMU_INFINITE_E1YF2OWYF3ML&iid=667dc8a8-c7ac-4f60-a2b2-9599f9a2d19a.SMWGV3ZYCBHGWPQH.SEARCH&ssid=561b0863xs0000001717919347995
Fastrack Revoltt FS1|1.83 Display|BT Calling|Fastcharge...,/fastrack-revoltt-fs1-1-83-display-bt-calling-fastcharge-110-sports-mode-200-watchfaces-smartwatch/p/itma5e0b761af06d?pid=SMWGVSCYNZDXQPJC&lid=LSTSMWGVSCYNZDXQPJCZXSJYY&marketplace=FLIPKART&store=ajy%2Fbuh&srno=b_1_14&otracker=dynamic_omu_infinite_Best%2Bof%2BElectronics_6_1.dealCard.OMU_INFINITE_E1YF2OWYF3ML&iid=667dc8a8-c7ac-4f60-a2b2-9599f9a2d19a.SMWGVSCYNZDXQPJC.SEARCH&ssid=561b0863xs0000001717919347995
Fastrack Revoltt FS1|1.83 Display|BT Calling|Fastcharge...,/fastrack-revoltt-fs1-1-83-display-bt-calling-fastcharge-110-sports-mode-200-watchfaces-smartwatch/p/itm9731ac3f3c67f?pid=SMWGN4YEW7TPQAW5&lid=LSTSMWGN4YEW7TPQAW5TA5MP5&marketplace=FLIPKART&store=ajy%2Fbuh&srno=b_1_15&otracker=dynamic_omu_infinite_Best%2Bof%2BElectronics_6_1.dealCard.OMU_INFINITE_E1YF2OWYF3ML&iid=667dc8a8-c7ac-4f60-a2b2-9599f9a2d19a.SMWGN4YEW7TPQAW5.SEARCH&ssid=561b0863xs0000001717919347995
Fastrack Revoltt FS1 Pro|World's First,1.96" Super AMOL...,/fastrack-revoltt-fs1-pro-world-s-first-1-96-super-amoled-highest-resolution-bt-calling-smartwatch/p/itmf102793fb8fb0?pid=SMWGZ8355GPY5NPK&lid=LSTSMWGZ8355GPY5NPKSKWKXW&marketplace=FLIPKART&store=ajy%2Fbuh&srno=b_1_16&otracker=dynamic_omu_infinite_Best%2Bof%2BElectronics_6_1.dealCard.OMU_INFINITE_E1YF2OWYF3ML&iid=667dc8a8-c7ac-4f60-a2b2-9599f9a2d19a.SMWGZ8355GPY5NPK.SEARCH&ssid=561b0863xs0000001717919347995
Fastrack Revoltt FS1+|2.01'' Biggest UltraVU Display|In...,/fastrack-revoltt-fs1-2-01-biggest-ultravu-display-industry-best-950-nits-bt-calling-smartwatch/p/itma86008751784a?pid=SMWGPM2D9HCCZNKZ&lid=LSTSMWGPM2D9HCCZNKZDXHMA9&marketplace=FLIPKART&store=ajy%2Fbuh&srno=b_1_17&otracker=dynamic_omu_infinite_Best%2Bof%2BElectronics_6_1.dealCard.OMU_INFINITE_E1YF2OWYF3ML&iid=667dc8a8-c7ac-4f60-a2b2-9599f9a2d19a.SMWGPM2D9HCCZNKZ.SEARCH&ssid=561b0863xs0000001717919347995
Fastrack Revoltt FS1 Pro|World's First,1.96" Super AMOL...,/fastrack-revoltt-fs1-pro-world-s-first-1-96-super-amoled-highest-resolution-bt-calling-smartwatch/p/itm6d1037589b785?pid=SMWGTGAY72FD6KND&lid=LSTSMWGTGAY72FD6KND6AOXJH&marketplace=FLIPKART&store=ajy%2Fbuh&srno=b_1_18&otracker=dynamic_omu_infinite_Best%2Bof%2BElectronics_6_1.dealCard.OMU_INFINITE_E1YF2OWYF3ML&iid=667dc8a8-c7ac-4f60-a2b2-9599f9a2d19a.SMWGTGAY72FD6KND.SEARCH&ssid=561b0863xs0000001717919347995
Fastrack Optimus Pro with 1.43" AMOLED Display & AOD(46...,/fastrack-optimus-pro-1-43-amoled-display-aod-466x466-functional-crown-bt-calling-smartwatch/p/itm536e5793d5d9f?pid=SMWGV3ZYUDHACXVD&lid=LSTSMWGV3ZYUDHACXVDSFUDWY&marketplace=FLIPKART&store=ajy%2Fbuh&srno=b_1_19&otracker=dynamic_omu_infinite_Best%2Bof%2BElectronics_6_1.dealCard.OMU_INFINITE_E1YF2OWYF3ML&iid=667dc8a8-c7ac-4f60-a2b2-9599f9a2d19a.SMWGV3ZYUDHACXVD.SEARCH&ssid=561b0863xs0000001717919347995
Fastrack Revoltt FS1 Pro|World's First,1.96" Super AMOL...,/fastrack-revoltt-fs1-pro-world-s-first-1-96-super-amoled-highest-resolution-bt-calling-smartwatch/p/itm5260b543f6ba7?pid=SMWGTGAYBNSJHSHB&lid=LSTSMWGTGAYBNSJHSHBKHRINW&marketplace=FLIPKART&store=ajy%2Fbuh&srno=b_1_20&otracker=dynamic_omu_infinite_Best%2Bof%2BElectronics_6_1.dealCard.OMU_INFINITE_E1YF2OWYF3ML&iid=667dc8a8-c7ac-4f60-a2b2-9599f9a2d19a.SMWGTGAYBNSJHSHB.SEARCH&ssid=561b0863xs0000001717919347995
Fastrack Revoltt XR1 1.38" Round HD Display, SingleSync...,/fastrack-revoltt-xr1-1-38-round-hd-display-singlesync-bt-calling-advanced-chipset-smartwatch/p/itm42ae3bcbb8783?pid=SMWGWT49G7ZMEPKS&lid=LSTSMWGWT49G7ZMEPKSC4W8OR&marketplace=FLIPKART&store=ajy%2Fbuh&srno=b_1_21&otracker=dynamic_omu_infinite_Best%2Bof%2BElectronics_6_1.dealCard.OMU_INFINITE_E1YF2OWYF3ML&iid=667dc8a8-c7ac-4f60-a2b2-9599f9a2d19a.SMWGWT49G7ZMEPKS.SEARCH&ssid=561b0863xs0000001717919347995
Fastrack Optimus Pro with 1.43" AMOLED Display & AOD(46...,/fastrack-optimus-pro-1-43-amoled-display-aod-466x466-functional-crown-bt-calling-smartwatch/p/itm915e6177b41aa?pid=SMWGV3ZYJNFX9MKT&lid=LSTSMWGV3ZYJNFX9MKTRGTPAL&marketplace=FLIPKART&store=ajy%2Fbuh&srno=b_1_22&otracker=dynamic_omu_infinite_Best%2Bof%2BElectronics_6_1.dealCard.OMU_INFINITE_E1YF2OWYF3ML&iid=667dc8a8-c7ac-4f60-a2b2-9599f9a2d19a.SMWGV3ZYJNFX9MKT.SEARCH&ssid=561b0863xs0000001717919347995
Fastrack Revoltt FS1+|2.01'' Biggest UltraVU Display|In...,/fastrack-revoltt-fs1-2-01-biggest-ultravu-display-industry-best-950-nits-bt-calling-smartwatch/p/itm767fcb0d7f814?pid=SMWGPM2DRBBZGB64&lid=LSTSMWGPM2DRBBZGB64XOSNMJ&marketplace=FLIPKART&store=ajy%2Fbuh&srno=b_1_23&otracker=dynamic_omu_infinite_Best%2Bof%2BElectronics_6_1.dealCard.OMU_INFINITE_E1YF2OWYF3ML&iid=667dc8a8-c7ac-4f60-a2b2-9599f9a2d19a.SMWGPM2DRBBZGB64.SEARCH&ssid=561b0863xs0000001717919347995
Fastrack Revoltt FS1+|2.01'' Biggest UltraVU Display|In...,/fastrack-revoltt-fs1-2-01-biggest-ultravu-display-industry-best-950-nits-bt-calling-smartwatch/p/itmf558b9cf91ea3?pid=SMWGPM2DH4GDVVB9&lid=LSTSMWGPM2DH4GDVVB9Y9H2WM&marketplace=FLIPKART&store=ajy%2Fbuh&srno=b_1_24&otracker=dynamic_omu_infinite_Best%2Bof%2BElectronics_6_1.dealCard.OMU_INFINITE_E1YF2OWYF3ML&iid=667dc8a8-c7ac-4f60-a2b2-9599f9a2d19a.SMWGPM2DH4GDVVB9.SEARCH&ssid=561b0863xs0000001717919347995
Fastrack Revoltt XR1 1.38" Round HD Display, SingleSync...,/fastrack-revoltt-xr1-1-38-round-hd-display-singlesync-bt-calling-advanced-chipset-smartwatch/p/itm2fda00a0c9546?pid=SMWGWT49FYYSBZP4&lid=LSTSMWGWT49FYYSBZP4YJBRJZ&marketplace=FLIPKART&store=ajy%2Fbuh&srno=b_1_25&otracker=dynamic_omu_infinite_Best%2Bof%2BElectronics_6_1.dealCard.OMU_INFINITE_E1YF2OWYF3ML&iid=667dc8a8-c7ac-4f60-a2b2-9599f9a2d19a.SMWGWT49FYYSBZP4.SEARCH&ssid=561b0863xs0000001717919347995
Fastrack Revoltt X|1.83'' HD Display|SingleSync BT Call...,/fastrack-revoltt-x-1-83-hd-display-singlesync-bt-calling-advanced-chipset-calculator-smartwatch/p/itmff14a219776a3?pid=SMWGTMYYMGF9R4R6&lid=LSTSMWGTMYYMGF9R4R6IALT3J&marketplace=FLIPKART&store=ajy%2Fbuh&srno=b_1_26&otracker=dynamic_omu_infinite_Best%2Bof%2BElectronics_6_1.dealCard.OMU_INFINITE_E1YF2OWYF3ML&iid=667dc8a8-c7ac-4f60-a2b2-9599f9a2d19a.SMWGTMYYMGF9R4R6.SEARCH&ssid=561b0863xs0000001717919347995
Fastrack Revoltt X|1.83'' HD Display|SingleSync BT Call...,/fastrack-revoltt-x-1-83-hd-display-singlesync-bt-calling-advanced-chipset-calculator-smartwatch/p/itm9d9e8952a9200?pid=SMWGRV3KPXXHCMGZ&lid=LSTSMWGRV3KPXXHCMGZ0YW1YL&marketplace=FLIPKART&store=ajy%2Fbuh&srno=b_1_27&otracker=dynamic_omu_infinite_Best%2Bof%2BElectronics_6_1.dealCard.OMU_INFINITE_E1YF2OWYF3ML&iid=667dc8a8-c7ac-4f60-a2b2-9599f9a2d19a.SMWGRV3KPXXHCMGZ.SEARCH&ssid=561b0863xs0000001717919347995
Fastrack Revoltt FS1 Max|Biggest 1.95'' UltraVU Curve D...,/fastrack-revoltt-fs1-max-biggest-1-95-ultravu-curve-display-bt-calling-100-multisports-smartwatch/p/itm6daad6a9c5d23?pid=SMWGTGANRUC4DMWM&lid=LSTSMWGTGANRUC4DMWMYLZR5D&marketplace=FLIPKART&store=ajy%2Fbuh&srno=b_1_28&otracker=dynamic_omu_infinite_Best%2Bof%2BElectronics_6_1.dealCard.OMU_INFINITE_E1YF2OWYF3ML&iid=667dc8a8-c7ac-4f60-a2b2-9599f9a2d19a.SMWGTGANRUC4DMWM.SEARCH&ssid=561b0863xs0000001717919347995
Fastrack Revoltt FR1 Pro|1.3Inch AMOLED display with 60...,/fastrack-revoltt-fr1-pro-1-3inch-amoled-display-600-nits-advanced-bt-calling-chipset-smartwatch/p/itmbb977db78713e?pid=SMWGPB6YAANQFJSF&lid=LSTSMWGPB6YAANQFJSFCTXBUU&marketplace=FLIPKART&store=ajy%2Fbuh&srno=b_1_29&otracker=dynamic_omu_infinite_Best%2Bof%2BElectronics_6_1.dealCard.OMU_INFINITE_E1YF2OWYF3ML&iid=667dc8a8-c7ac-4f60-a2b2-9599f9a2d19a.SMWGPB6YAANQFJSF.SEARCH&ssid=561b0863xs0000001717919347995
Fastrack Revoltt Classic 1.91 HD Display|700 Nits|Funct...,/fastrack-revoltt-classic-1-91-hd-display-700-nits-functional-crown-bt-calling-premium-smartwatch/p/itmdc377a0a1ab7e?pid=SMWGTEZPG9CKAFHM&lid=LSTSMWGTEZPG9CKAFHMGDTBHQ&marketplace=FLIPKART&store=ajy%2Fbuh&srno=b_1_30&otracker=dynamic_omu_infinite_Best%2Bof%2BElectronics_6_1.dealCard.OMU_INFINITE_E1YF2OWYF3ML&iid=667dc8a8-c7ac-4f60-a2b2-9599f9a2d19a.SMWGTEZPG9CKAFHM.SEARCH&ssid=561b0863xs0000001717919347995
Fastrack Revoltt FS2 1.91 Super HD Display(320x385) wit...,/fastrack-revoltt-fs2-1-91-super-hd-display-320x385-functional-crown-bt-calling-smartwatch/p/itme478800387e3e?pid=SMWGUGG3PXHTNYDB&lid=LSTSMWGUGG3PXHTNYDBNHAOWS&marketplace=FLIPKART&store=ajy%2Fbuh&srno=b_1_31&otracker=dynamic_omu_infinite_Best%2Bof%2BElectronics_6_1.dealCard.OMU_INFINITE_E1YF2OWYF3ML&iid=667dc8a8-c7ac-4f60-a2b2-9599f9a2d19a.SMWGUGG3PXHTNYDB.SEARCH&ssid=561b0863xs0000001717919347995
Fastrack Revoltt X|1.83'' HD Display|SingleSync BT Call...,/fastrack-revoltt-x-1-83-hd-display-singlesync-bt-calling-advanced-chipset-calculator-smartwatch/p/itmd333e5a028f39?pid=SMWGRV3KA8DFY7VM&lid=LSTSMWGRV3KA8DFY7VMTKKLN8&marketplace=FLIPKART&store=ajy%2Fbuh&srno=b_1_32&otracker=dynamic_omu_infinite_Best%2Bof%2BElectronics_6_1.dealCard.OMU_INFINITE_E1YF2OWYF3ML&iid=667dc8a8-c7ac-4f60-a2b2-9599f9a2d19a.SMWGRV3KA8DFY7VM.SEARCH&ssid=561b0863xs0000001717919347995
Fastrack Revoltt FR1 Pro|1.3Inch AMOLED display with 60...,/fastrack-revoltt-fr1-pro-1-3inch-amoled-display-600-nits-advanced-bt-calling-chipset-smartwatch/p/itm44aa38ba41204?pid=SMWGPB6YV9DUMFS6&lid=LSTSMWGPB6YV9DUMFS6ZEH609&marketplace=FLIPKART&store=ajy%2Fbuh&srno=b_1_33&otracker=dynamic_omu_infinite_Best%2Bof%2BElectronics_6_1.dealCard.OMU_INFINITE_E1YF2OWYF3ML&iid=667dc8a8-c7ac-4f60-a2b2-9599f9a2d19a.SMWGPB6YV9DUMFS6.SEARCH&ssid=561b0863xs0000001717919347995
Fastrack Optimus with 1.43'' AMOLED Display with AOD(46...,/fastrack-optimus-1-43-amoled-display-aod-466x466-bt-calling-calculator-ip68-smartwatch/p/itmfc30b805c3b71?pid=SMWGT3KQVQFZZEKJ&lid=LSTSMWGT3KQVQFZZEKJQONDFC&marketplace=FLIPKART&store=ajy%2Fbuh&srno=b_1_34&otracker=dynamic_omu_infinite_Best%2Bof%2BElectronics_6_1.dealCard.OMU_INFINITE_E1YF2OWYF3ML&iid=667dc8a8-c7ac-4f60-a2b2-9599f9a2d19a.SMWGT3KQVQFZZEKJ.SEARCH&ssid=561b0863xs0000001717919347995
Fastrack FR1|1.39 inch Super UltraVU Display(360*360)|A...,/fastrack-fr1-1-39-inch-super-ultravu-display-360-360-advanced-bt-calling-split-screen-smartwatch/p/itmd9ce45f71a99c?pid=SMWGQ9K9BSU9NFAZ&lid=LSTSMWGQ9K9BSU9NFAZFVZPSK&marketplace=FLIPKART&store=ajy%2Fbuh&srno=b_1_35&otracker=dynamic_omu_infinite_Best%2Bof%2BElectronics_6_1.dealCard.OMU_INFINITE_E1YF2OWYF3ML&iid=667dc8a8-c7ac-4f60-a2b2-9599f9a2d19a.SMWGQ9K9BSU9NFAZ.SEARCH&ssid=561b0863xs0000001717919347995
Fastrack Revoltt Vigor 1.91 Super HD Display|700 Nits|F...,/fastrack-revoltt-vigor-1-91-super-hd-display-700-nits-functional-crown-bt-calling-rugged-smartwatch/p/itmfb129e4968bb0?pid=SMWGTEUNUYGPPJJX&lid=LSTSMWGTEUNUYGPPJJXIXCG42&marketplace=FLIPKART&store=ajy%2Fbuh&srno=b_1_36&otracker=dynamic_omu_infinite_Best%2Bof%2BElectronics_6_1.dealCard.OMU_INFINITE_E1YF2OWYF3ML&iid=667dc8a8-c7ac-4f60-a2b2-9599f9a2d19a.SMWGTEUNUYGPPJJX.SEARCH&ssid=561b0863xs0000001717919347995
Fastrack Revoltt FS1 Max|Biggest 1.95'' UltraVU Curve D...,/fastrack-revoltt-fs1-max-biggest-1-95-ultravu-curve-display-bt-calling-100-multisports-smartwatch/p/itmd87b5ab58de08?pid=SMWGQ4XHFDKYBPWW&lid=LSTSMWGQ4XHFDKYBPWWZTVPNW&marketplace=FLIPKART&store=ajy%2Fbuh&srno=b_1_37&otracker=dynamic_omu_infinite_Best%2Bof%2BElectronics_6_1.dealCard.OMU_INFINITE_E1YF2OWYF3ML&iid=667dc8a8-c7ac-4f60-a2b2-9599f9a2d19a.SMWGQ4XHFDKYBPWW.SEARCH&ssid=561b0863xs0000001717919347995
Fastrack Revoltt X|1.83'' HD Display|SingleSync BT Call...,/fastrack-revoltt-x-1-83-hd-display-singlesync-bt-calling-advanced-chipset-calculator-smartwatch/p/itmf7434ffe6c524?pid=SMWGRV3K7UAP8TCX&lid=LSTSMWGRV3K7UAP8TCXNOF9PC&marketplace=FLIPKART&store=ajy%2Fbuh&srno=b_1_38&otracker=dynamic_omu_infinite_Best%2Bof%2BElectronics_6_1.dealCard.OMU_INFINITE_E1YF2OWYF3ML&iid=667dc8a8-c7ac-4f60-a2b2-9599f9a2d19a.SMWGRV3K7UAP8TCX.SEARCH&ssid=561b0863xs0000001717919347995
Fastrack Reflex Vox 2 with Large 1.8" HD Display, BT Ca...,/fastrack-reflex-vox-2-large-1-8-hd-display-bt-calling-music-storage-tws-connect-smartwatch/p/itmf15ef3d7e9cc9?pid=SMWGKQFJ92XAJBMV&lid=LSTSMWGKQFJ92XAJBMV05GUKU&marketplace=FLIPKART&store=ajy%2Fbuh&srno=b_1_39&otracker=dynamic_omu_infinite_Best%2Bof%2BElectronics_6_1.dealCard.OMU_INFINITE_E1YF2OWYF3ML&iid=667dc8a8-c7ac-4f60-a2b2-9599f9a2d19a.SMWGKQFJ92XAJBMV.SEARCH&ssid=561b0863xs0000001717919347995
Fastrack Revoltt FS2 1.91 Super HD Display(320x385) wit...,/fastrack-revoltt-fs2-1-91-super-hd-display-320x385-functional-crown-bt-calling-smartwatch/p/itmfba867c859d02?pid=SMWGUGG3JCCAFDHD&lid=LSTSMWGUGG3JCCAFDHDZGVAVT&marketplace=FLIPKART&store=ajy%2Fbuh&srno=b_1_40&otracker=dynamic_omu_infinite_Best%2Bof%2BElectronics_6_1.dealCard.OMU_INFINITE_E1YF2OWYF3ML&iid=667dc8a8-c7ac-4f60-a2b2-9599f9a2d19a.SMWGUGG3JCCAFDHD.SEARCH&ssid=561b0863xs0000001717919347995
